mot-clé_(mc),volumeh,volume_ads,allintitle,cpc,comp.,kgr,kvi,maj_serp,si_informational,si_navigational,si_transactional,si_commercial,si_local,si_brand,sugg._ortho.,sugg._ortho._avec_redir.
"acheter un diable","320","320","180","0.63","1","0.5625","32","","true","false","true","false","true","false","",""
"meilleur transpalette électrique","","","","","","","","","","","","","","","",""
"chariot élévateur prix","5","390","1780","2.42","0.99","356","28","","false","false","true","false","false","false","",""
"location nacelle élévatrice","34","480","1350","1.28","0.29","39.7059","27","","","","","","","","",""
"fenwick prix","320","320","907","0.96","1","2.8344","17","","true","false","true","false","false","false","",""
"meilleur gerbeur électrique","","","","","","","","","","","","","","","",""
"meilleur palan à chaîne","10","10","","1.3355","1","","","","","","","","","","",""
"aimant de levage","320","320","4160","1.11","1","13","17","","true","false","false","false","false","false","",""
"meilleur rayonnage","","","","","","","","","","","","","","","",""
"caces obligatoire","320","320","158","0.59","0.03","0.4938","19","","true","false","false","false","false","false","",""
"huile hydraulique transpalette","70","70","","0.49","1","","25","","","","","","","","",""
"chariot élévateur manuel","44","480","2880","1.39","1","65.4545","24","","false","false","true","false","false","false","",""
"location chariot élévateur metz","","","","","","","","","","","","","","","",""
"location chariot élévateur reims","","","","","","","","","","","","","","","",""
"location chariot élévateur angers","","","","","","","","","","","","","","","",""
"location chariot élévateur lyon","50","50","","6.7","0.53","","1","","false","false","false","false","true","false","",""
"location chariot élévateur rouen","","","","","","","","","","","","","","","",""
"location chariot élévateur lille","","","","","","","","","","","","","","","",""
"location chariot élévateur saint etienne","","","","","","","","","","","","","","","",""
"location chariot élévateur biarrtiz","","","","","","","","","","","","","","","",""
"location chariot élévateur toulouse","70","70","","4.5912","0.523","","1","","false","false","false","false","true","false","",""
"agv définition entrepôt","","","","","","","","","","","","","","","",""
"différence wms et tms","","","","","","","","","","","","","","","",""
"manutention agroalimentaire matériel inox","","","","","","","","","","","","","","","",""
"chariot élévateur agroalimentaire","","","","","","","","","","","","","","","",""
"autorisation de conduite chariot élévateur","170","170","","0.69","0.02","","25","","true","false","false","false","false","false","",""
"vgp chariot élévateur périodicité","","","","","","","","","","","","","","","",""
"contrôle vgp lille","","","","","","","","","","","","","","","",""
"contrôle vgp rouen","","","","","","","","","","","","","","","",""
"contrôle vgp reims","","","","","","","","","","","","","","","",""
"contrôle vgp angers","","","","","","","","","","","","","","","",""
"contrôle vgp toulouse","","","","","","","","","","","","","","","",""
"contrôle vgp saint etienne","","","","","","","","","","","","","","","",""
"contrôle vgp lyon","","","","","","","","","","","","","","","",""
"contrôle vgp grenoble","","","","","","","","","","","","","","","",""
"contrôle vgp nantes","","","","","","","","","","","","","","","",""
"contrôle vgp rennes","","","","","","","","","","","","","","","",""
"formation caces rennes","100","110","","3.42","0.55","","21","","true","false","false","false","true","false","",""
"formation caces nantes","90","90","","2.65","0.5","","20","","","","","","","","",""
"formation caces rouen","90","90","","1.48","0.33","","20","","false","false","false","false","true","false","",""
"formation caces reims","70","70","","1.5318","0.4422","","4","","","","","","","","",""
"formation caces toulouse","140","140","","1.69","0.49","","10","","true","false","false","false","false","false","",""
"formation caces lyon","170","170","","5.14","0.43","","10","","true","false","false","false","false","false","",""
"formation caces grenoble","50","50","","0.7695","0.4774","","4","","true","false","true","false","true","false","",""
"formation caces lille","70","70","","1.3656","0.4914","","7","","true","false","false","false","false","false","",""
"formation caces angers","70","70","","1.97","0.41","","20","","","","","","","","",""
"meilleur chariot élévateur 2026","","","","","","","","","","","","","","","",""
"coût de possession chariot élévateur tco","","","","","","","","","","","","","","","",""
"lld chariot élévateur avantages","","","","","","","","","","","","","","","",""
"prix chariot élévateur occasion","5","40","","2.19","0.99","","17","","false","false","true","false","false","false","",""
"pont roulant prix","140","140","","1.24","0.6","","1","","true","false","true","false","false","false","",""
"charge admissible rayonnage calcul","","","","","","","","","","","","","","","",""
"chariot élévateur atex définition","","","","","","","","","","","","","","","",""
"caces r489 catégories différences","","","","","","","","","","","","","","","",""
"concessionnaire fenwick bouche du rhône","","","","","","","","","","","","","","","",""
"concessionnaire fenwick gironde","","","","","","","","","","","","","","","",""
"concessionnaire fenwick ile de france","","","","","","","","","","","","","","","",""
"concessionnaire fenwick nantes","","","","","","","","","","","","","","","",""
"concessionnaire fenwick bretagne","","","","","","","","","","","","","","","",""
"concessionnaire fenwick pas de calais","","","","","","","","","","","","","","","",""
"concessionnaire fenwick paca","","","","","","","","","","","","","","","",""
"concessionnaire fenwick grand est","","","","","","","","","","","","","","","",""
"intralogistique définition","","","","","","","","","","","","","","","",""
"zfe entrepôt logistique impact","","","","","","","","","","","","","","","",""