mot-clé_(mc),url,trafic,position,volumeh,volume_ads,allintitle,cpc,comp.,kgr,kvi,maj_serp,si_informational,si_navigational,si_transactional,si_commercial,si_local,si_brand,sugg._ortho.,sugg._ortho._avec_redir.
"un fenwick","https://www.infoweb-manutention.fr/gerbeur/le-gerbeur-fenwick-tout-savoir-sur-cet-appareil/","5","10","260","260","774","0.93","0.56","2.9769","15","2026-06-06","true","false","false","false","false","false","",""
"fenwick gerbeur","https://www.infoweb-manutention.fr/gerbeur/le-gerbeur-fenwick-tout-savoir-sur-cet-appareil/","3","9","140","140","","1.85","1","","20","2026-06-04","true","false","true","false","false","false","",""
"norme passage chariot élévateur","https://www.infoweb-manutention.fr/chariot-elevateur/norme-passage-chariot-elevateur-tout-savoir/","2","1","10","10","","","0","","7","OLDER_THAN_2_MONTHS","true","false","false","false","false","false","",""
"monter et descendre d'un chariot élévateur","https://www.infoweb-manutention.fr/chariot-elevateur/comment-descendre-dun-chariot-elevateur/","2","1","10","10","","","","","12","OLDER_THAN_2_MONTHS","true","false","false","false","false","false","",""
"gerbeurs fenwick","https://www.infoweb-manutention.fr/gerbeur/le-gerbeur-fenwick-tout-savoir-sur-cet-appareil/","2","18","480","480","145","1.58","1","0.3021","17","OLDER_THAN_2_MONTHS","","","","","","","",""
"chariot elevateur fenwick","https://www.infoweb-manutention.fr/chariot-elevateur/fenwick-chariot-elevateur-prix-ce-quil-faut-savoir/","2","20","536","590","815","1.17","1","1.5205","23","OLDER_THAN_2_MONTHS","false","false","true","false","false","false","",""
"consignes de sécurité pont roulant","https://www.infoweb-manutention.fr/pont-roulant/guide-sur-la-securite-des-ponts-roulants/","2","8","70","70","","","1","","7","OLDER_THAN_2_MONTHS","","","","","","","",""
"heli chariot","https://www.infoweb-manutention.fr/chariotelevateur-heli/","1","7","30","30","","0.7854","0.7363","","1","OLDER_THAN_2_MONTHS","","","","","","","",""
"fenwick caces 5","https://www.infoweb-manutention.fr/gerbeur/le-gerbeur-fenwick-tout-savoir-sur-cet-appareil/","1","13","110","110","","0.11","0.35","","14","2026-06-04","","","","","","","",""
"hauteur des fourches chariot élévateur en circulation","https://www.infoweb-manutention.fr/chariot-elevateur/norme-passage-chariot-elevateur-tout-savoir/","1","17","140","140","","0.88","0.09","","16","2026-05-29","true","false","false","false","true","false","",""
"chariot elevateur manuel","https://www.infoweb-manutention.fr/manutention/chariot-elevateur-manuel/","1","30","436","480","62","1.39","1","0.1422","22","OLDER_THAN_2_MONTHS","false","false","true","false","false","false","",""
"marque chariot élévateur","https://www.infoweb-manutention.fr/entreprise/le-classement-marques-chariot-elevateur-avis-et-comparatifs/","1","20","140","140","","1.51","0.88","","11","OLDER_THAN_2_MONTHS","","","","","","","",""
"chariot elevateur au gaz","https://www.infoweb-manutention.fr/produit/chariot-elevateur-a-gaz-2t/","1","24","260","260","","1.66","1","","24","OLDER_THAN_2_MONTHS","true","false","true","false","false","false","",""
"classement marques chariot elevateur","https://www.infoweb-manutention.fr/entreprise/le-classement-marques-chariot-elevateur-avis-et-comparatifs/","1","11","45","50","","0.71","0.17","","4","OLDER_THAN_2_MONTHS","true","false","false","false","false","false","",""
"chariot elevateur heli","https://www.infoweb-manutention.fr/chariotelevateur-heli/","1","12","50","50","","0.8928","0.9569","","12","OLDER_THAN_2_MONTHS","true","false","true","true","true","false","",""
"largeur allée de gerbage entrepôt","https://www.infoweb-manutention.fr/chariot-elevateur/norme-passage-chariot-elevateur-tout-savoir/","1","10","20","20","","4.6663","0.202","","1","OLDER_THAN_2_MONTHS","true","false","false","false","false","false","",""
"itm logistique","https://www.infoweb-manutention.fr/entreprise/itm-logistique-alimentaire-international/","1","29","260","260","1780","3.78","0.01","6.8462","29","OLDER_THAN_2_MONTHS","true","false","false","false","false","false","",""
"marque chariot élévateur","https://www.infoweb-manutention.fr/fabricants-chariots-elevateurs/","1","22","140","140","","1.51","0.88","","11","OLDER_THAN_2_MONTHS","","","","","","","",""
"chariot manuel 3-en-1 350kg","https://www.infoweb-manutention.fr/produit/chariot-de-transport-pliable-350-kg/","1","15","50","50","","1.85","1","","33","OLDER_THAN_2_MONTHS","","","","","","","",""
"huile hydraulique chariot elevateur","https://www.infoweb-manutention.fr/chariot-elevateur/choix-de-lhuile-hydraulique-pour-chariot-elevateur/","1","12","30","30","","0.6867","1","","1","OLDER_THAN_2_MONTHS","","","","","","","",""
"itm logistique international","https://www.infoweb-manutention.fr/table-elevatrice/itm-logistique-alimentaire-international/","1","31","480","480","","","","","26","OLDER_THAN_2_MONTHS","true","false","false","false","false","false","",""
"diable entrepot du bricolage","https://www.infoweb-manutention.fr/manutention/chariots-manuels-diables/les-diables-pour-votre-entrepot/","1","20","70","70","","0.71","1","","51","OLDER_THAN_2_MONTHS","false","true","false","false","false","true","",""
"marque de chariot elevateur","https://www.infoweb-manutention.fr/chariot-elevateur/classement-des-marques-chariot-elevateur/","1","22","110","110","","1.51","0.91","","22","2026-05-31","","","","","","","",""
"marque de transpalette","https://www.infoweb-manutention.fr/transpalette/5-meilleures-marques-de-transpalettes-comparatif-detaille/","1","11","20","20","","1.0568","1","","26","OLDER_THAN_2_MONTHS","","","","","","","",""
"largeur allée de circulation chariot élévateur","https://www.infoweb-manutention.fr/chariot-elevateur/norme-passage-chariot-elevateur-tout-savoir/","1","18","50","50","","0.92","0.01","","11","OLDER_THAN_2_MONTHS","true","false","false","false","false","false","",""
"chariot gaz","https://www.infoweb-manutention.fr/categorie/chariot-elevateur-gaz/","1","25","110","110","31400","0.8","1","285.4545","22","2026-06-02","true","false","true","false","false","false","",""
"castorama diable 3 en 1","https://www.infoweb-manutention.fr/manutention/chariot-diable/","1","22","90","90","","","1","","56","OLDER_THAN_2_MONTHS","","","","","","","",""
"chariot à gaz","https://www.infoweb-manutention.fr/categorie/chariot-elevateur-gaz/","1","26","110","110","","0.76","1","","17","2026-05-29","false","false","true","false","false","false","",""
"achat diable castorama","https://www.infoweb-manutention.fr/manutention/chariot-diable/","1","18","40","40","","0.396","1","","63","OLDER_THAN_2_MONTHS","","","","","","","",""
"documents obligatoires chariot elevateur","https://www.infoweb-manutention.fr/caces-chariot-elevateur-guide-complet/","1","27","90","90","","","0.21","","17","OLDER_THAN_2_MONTHS","true","false","false","false","false","false","",""
"documents obligatoires chariot élévateur","https://www.infoweb-manutention.fr/caces-chariot-elevateur-guide-complet/","1","20","40","40","","","0.01","","17","OLDER_THAN_2_MONTHS","true","false","false","false","false","false","",""
"infoweb","https://www.infoweb-manutention.fr/","1","23","70","70","","","","","1","OLDER_THAN_2_MONTHS","","","","","","","",""
"quelle huile hydraulique pour chariot élévateur","https://www.infoweb-manutention.fr/chariot-elevateur/choix-de-lhuile-hydraulique-pour-chariot-elevateur/","1","14","20","20","","0.1483","0.9929","","11","OLDER_THAN_2_MONTHS","","","","","","","",""
"fenwick caces","https://www.infoweb-manutention.fr/gerbeur/le-gerbeur-fenwick-tout-savoir-sur-cet-appareil/","1","41","590","590","8","1.15","0.11","0.0136","21","OLDER_THAN_2_MONTHS","","","","","","","",""
"castorama diable 3 roues","https://www.infoweb-manutention.fr/manutention/chariot-diable/","1","20","30","30","","0.3341","1","","63","OLDER_THAN_2_MONTHS","","","","","","","",""
"gerbeur autoporté fenwick","https://www.infoweb-manutention.fr/gerbeur/le-gerbeur-fenwick-tout-savoir-sur-cet-appareil/","1","22","40","40","","1.5378","1","","4","OLDER_THAN_2_MONTHS","true","false","false","false","false","false","",""
"gerbeur electrique fenwick","https://www.infoweb-manutention.fr/gerbeur/le-gerbeur-fenwick-tout-savoir-sur-cet-appareil/","1","31","140","140","","2.37","1","","19","OLDER_THAN_2_MONTHS","true","false","true","false","false","false","",""
"diable chariot castorama","https://www.infoweb-manutention.fr/manutention/chariot-diable/","1","29","50","50","","0.4912","1","","63","OLDER_THAN_2_MONTHS","","","","","","","",""
"huile hydraulique pour transpalette","https://www.infoweb-manutention.fr/chariot-elevateur/choix-de-lhuile-hydraulique-pour-chariot-elevateur/","1","22","30","30","3","0.1766","1","0.1","17","OLDER_THAN_2_MONTHS","","","","","","","",""
"chariot charge lourde castorama","https://www.infoweb-manutention.fr/manutention/chariot-diable/","1","22","30","30","","0.35","0.97","","65","OLDER_THAN_2_MONTHS","","","","","","","",""
"diable 150 kg castorama","https://www.infoweb-manutention.fr/manutention/chariot-diable/","1","23","30","30","","0.1159","1","","63","OLDER_THAN_2_MONTHS","","","","","","","",""
"treuil de halage electrique 220v","https://www.infoweb-manutention.fr/produit/treuil-electrique-palan-220-v-avec-un-cable-de-15-m","1","29","40","40","","0.678","1","","27","OLDER_THAN_2_MONTHS","","","","","","","",""
"type de remorque voiture","https://www.infoweb-manutention.fr/accessoire/les-remorques-pour-voitures-lesquelles-choisir/","1","15","10","10","","0.071","0.9664","","20","OLDER_THAN_2_MONTHS","true","false","false","false","true","false","",""
"marque chariot elevateur","https://www.infoweb-manutention.fr/chariot-elevateur/classement-des-marques-chariot-elevateur/","1","32","110","110","","2.55","0.74","","10","OLDER_THAN_2_MONTHS","true","false","false","false","false","false","",""
"classement marques chariot élévateur","https://www.infoweb-manutention.fr/entreprise/le-classement-marques-chariot-elevateur-avis-et-comparatifs/","1","11","5","50","","0.71","0.17","","1","OLDER_THAN_2_MONTHS","true","false","false","false","false","false","",""
"prix d'un chariot élévateur neuf","https://www.infoweb-manutention.fr/chariot-elevateur/quel-prix-pour-un-prix-chariot-elevateur-neuf-noatre-avis/","1","16","10","10","","1.1404","1","","17","OLDER_THAN_2_MONTHS","","","","","","","",""
"forum chariot elevateur","https://www.infoweb-manutention.fr/entreprise/le-classement-marques-chariot-elevateur-avis-et-comparatifs/","1","21","20","20","","","0.6494","","13","OLDER_THAN_2_MONTHS","","","","","","","",""
"forum chariot elevateur","https://www.infoweb-manutention.fr/chariotelevateur-heli/","1","22","20","20","","","0.6494","","13","OLDER_THAN_2_MONTHS","","","","","","","",""
"infoweb industrie","https://www.infoweb-manutention.fr/stockage/","1","22","20","20","","","0.1143","","1","OLDER_THAN_2_MONTHS","","","","","","","",""
"examen d'adéquation pont roulant","https://www.infoweb-manutention.fr/pont-roulant/guide-sur-la-securite-des-ponts-roulants/","1","25","20","20","","1.9168","0.102","","1","OLDER_THAN_2_MONTHS","true","false","false","false","false","false","",""
"prix chariot élévateur neuf","https://www.infoweb-manutention.fr/chariot-elevateur/quel-prix-pour-un-prix-chariot-elevateur-neuf-noatre-avis/","1","25","20","20","","2.1589","1","","26","OLDER_THAN_2_MONTHS","","","","","","","",""
"lidl outils parkside","https://www.infoweb-manutention.fr/outillage/parksidelidl-bricolage/","1","39","90","90","","0.34","1","","44","OLDER_THAN_2_MONTHS","true","false","false","false","false","true","",""
"chariot elevateur manuelle","https://www.infoweb-manutention.fr/manutention/chariot-elevateur-manuel/","1","53","436","480","","1.39","1","","24","OLDER_THAN_2_MONTHS","false","false","true","false","false","false","chariot elevateur nacelle",""
"norme fourches de chariots élévateurs","https://www.infoweb-manutention.fr/chariot-elevateur/norme-passage-chariot-elevateur-tout-savoir/","1","37","70","70","","2.37","0.8","","1","OLDER_THAN_2_MONTHS","true","false","false","false","false","false","",""
"porte palan","https://www.infoweb-manutention.fr/chariot-porte-palan/","1","22","13","140","","1.77","1","","29","2026-06-08","true","false","true","false","false","false","",""
"logistique internationale alimentaire","https://www.infoweb-manutention.fr/table-elevatrice/itm-logistique-alimentaire-international/","1","32","50","50","","3.31","0.18","","18","OLDER_THAN_2_MONTHS","true","false","true","false","true","false","",""
"fenwick caces 2","https://www.infoweb-manutention.fr/gerbeur/le-gerbeur-fenwick-tout-savoir-sur-cet-appareil/","1","21","10","10","","","0.06","","26","OLDER_THAN_2_MONTHS","true","false","false","false","false","false","",""
"pont roulant manuel","https://www.infoweb-manutention.fr/table-elevatrice/levage-ponts-roulants-potences/pont-roulant-a-commande-manuelle/","1","35","50","50","","2.36","1","","18","OLDER_THAN_2_MONTHS","false","false","true","false","false","false","",""
"treuil a corde manuel","https://www.infoweb-manutention.fr/produit/treuil-manuel-3-2-t-treuil-de-main-corde-20-m/","1","24","10","10","","0.2985","1","","25","OLDER_THAN_2_MONTHS","false","false","true","true","false","false","",""
"location chariot elevateur loxam","https://www.infoweb-manutention.fr/manutention/chariot-elevateur/","1","39","50","50","","3","0.52","","29","OLDER_THAN_2_MONTHS","","","","","","","",""
"chariot elevateur au gaz","https://www.infoweb-manutention.fr/categorie/chariot-elevateur-gaz/","1","57","260","260","","1.66","1","","24","OLDER_THAN_2_MONTHS","true","false","true","false","false","false","",""
"site parkside","https://www.infoweb-manutention.fr/outillage/parksidelidl-bricolage/","1","66","600","260","","0.24","0.99","","26","OLDER_THAN_2_MONTHS","","","","","","","",""
"marque chariot elevateur","https://www.infoweb-manutention.fr/fabricants-chariots-elevateurs/","1","50","110","110","","2.55","0.74","","10","OLDER_THAN_2_MONTHS","true","false","false","false","false","false","",""
"treuil électrique télécommande sans fil","https://www.infoweb-manutention.fr/produit/treuil-a-cable-electrique-150kg-300kg-telecommande-sans-fill/","1","23","8","90","","0.63","1","","35","OLDER_THAN_2_MONTHS","true","false","true","true","false","false","",""
"palan électrique 150 kg","https://www.infoweb-manutention.fr/produit/treuil-a-cable-electrique-150kg-300kg-telecommande-sans-fill/","1","32","30","30","","1.1584","1","","16","OLDER_THAN_2_MONTHS","","","","","","","",""
"huile hydraulique pont elevateur","https://www.infoweb-manutention.fr/chariot-elevateur/choix-de-lhuile-hydraulique-pour-chariot-elevateur","1","32","30","30","","0.4281","1","","16","OLDER_THAN_2_MONTHS","true","false","true","true","false","false","",""
"elevateur manuel","https://www.infoweb-manutention.fr/manutention/chariot-elevateur-manuel/","1","66","536","590","446","0.99","1","0.8321","24","OLDER_THAN_2_MONTHS","false","false","true","false","false","false","",""
"achat d un diable","https://www.infoweb-manutention.fr/manutention/chariot-diable/","1","33","30","30","","0.3","1","","28","OLDER_THAN_2_MONTHS","true","false","true","true","false","false","",""
"chariot porte palan pas cher","https://www.infoweb-manutention.fr/chariot-porte-palan/","1","29","10","10","","","1","","32","OLDER_THAN_2_MONTHS","","","","","","","",""
"location table élévatrice kiloutou","https://www.infoweb-manutention.fr/manutention/chariot-elevateur/","1","48","90","90","","0.56","0.96","","46","OLDER_THAN_2_MONTHS","true","true","false","false","false","true","",""
"forum chariot élévateur","https://www.infoweb-manutention.fr/chariotelevateur-heli/","1","30","10","10","","","0.07","","17","OLDER_THAN_2_MONTHS","true","false","false","false","false","false","",""
"marque de chariot élévateur","https://www.infoweb-manutention.fr/fabricants-chariots-elevateurs/","1","48","90","90","","1.86","0.78","","17","OLDER_THAN_2_MONTHS","true","false","false","false","false","false","",""
"pont roulant pas cher","https://www.infoweb-manutention.fr/table-elevatrice/pont-roulant-a-commande-electrique-la-solution-efficace-et-precise-pour-les-operations-de-levage-regulieres/","1","30","10","10","2","9.6662","0.5","0.2","4","OLDER_THAN_2_MONTHS","","","","","","","",""
"itm international","https://www.infoweb-manutention.fr/table-elevatrice/itm-logistique-alimentaire-international/","1","43","70","70","","","0","","26","OLDER_THAN_2_MONTHS","","","","","","","",""
"héli","https://www.infoweb-manutention.fr/chariotelevateur-heli/","1","42","70","70","13500","1.2","0.24","192.8571","1","OLDER_THAN_2_MONTHS","true","false","false","false","false","false","",""
"fenwick l14","https://www.infoweb-manutention.fr/gerbeur/le-gerbeur-fenwick-tout-savoir-sur-cet-appareil/","1","52","170","170","","1.88","1","","19","OLDER_THAN_2_MONTHS","true","false","false","false","false","false","",""
"chariot de transport pliable castorama","https://www.infoweb-manutention.fr/manutention/chariot-diable/","1","36","30","30","","0.16","0.96","","65","OLDER_THAN_2_MONTHS","","","","","","","",""
"fabricant de chariot","https://www.infoweb-manutention.fr/fabricants-chariots-elevateurs/","1","37","30","30","","2.3997","1","","1","OLDER_THAN_2_MONTHS","","","","","","","",""
"treuil 3t","https://www.infoweb-manutention.fr/produit/treuil-de-levage-chaine-3t/","1","45","70","70","","1.2","1","","17","OLDER_THAN_2_MONTHS","","","","","","","",""
"chariot porte-palan","https://www.infoweb-manutention.fr/chariot-porte-palan/","1","67","436","480","1490","1.73","1","3.4174","26","OLDER_THAN_2_MONTHS","true","false","false","false","false","false","",""
"chariot élévateur neuf","https://www.infoweb-manutention.fr/chariot-elevateur/quel-prix-pour-un-prix-chariot-elevateur-neuf-noatre-avis/","1","49","70","70","","2.51","1","","10","OLDER_THAN_2_MONTHS","true","false","true","true","false","false","",""
"chariot pont roulant","https://www.infoweb-manutention.fr/table-elevatrice/levage-ponts-roulants-potences/pont-roulant-a-commande-manuelle/","1","50","70","70","","1.3745","1","","21","OLDER_THAN_2_MONTHS","true","false","true","true","false","false","",""
"consignes de sécurité pont élévateur","https://www.infoweb-manutention.fr/pont-roulant/guide-sur-la-securite-des-ponts-roulants/","1","33","20","20","","0.3821","0.25","","7","OLDER_THAN_2_MONTHS","true","false","false","false","false","false","",""
"élévateur manuel","https://www.infoweb-manutention.fr/manutention/chariot-elevateur-manuel/","1","47","54","590","","0.99","1","","21","OLDER_THAN_2_MONTHS","false","false","true","false","false","false","",""
"pont de manutention","https://www.infoweb-manutention.fr/pont-roulant/les-avantages-des-ponts-roulants-pour-un-levage-securise/","1","46","50","50","","3.12","0.97","","15","OLDER_THAN_2_MONTHS","","","","","","","",""
"castorama diable pliant","https://www.infoweb-manutention.fr/manutention/chariot-diable/","1","36","20","20","","0.0934","0.9286","","65","OLDER_THAN_2_MONTHS","","","","","","","",""
"aimant de levage","https://www.infoweb-manutention.fr/categorie/aimant-de-levage/","1","70","320","320","4160","1.11","1","13","17","OLDER_THAN_2_MONTHS","true","false","false","false","false","false","",""
"norme pont roulant","https://www.infoweb-manutention.fr/pont-roulant/guide-sur-la-securite-des-ponts-roulants/","1","38","20","20","","1.2551","0.181","","14","OLDER_THAN_2_MONTHS","true","false","false","false","false","false","",""
"le fenwick","https://www.infoweb-manutention.fr/gerbeur/le-gerbeur-fenwick-tout-savoir-sur-cet-appareil/","1","45","40","40","","","0.4363","","4","OLDER_THAN_2_MONTHS","","","","","","","",""
"caces obligation","https://www.infoweb-manutention.fr/chariot-elevateur/est-il-obligatoire-davoir-un-caces/","1","68","236","260","2","0.32","0.01","0.0085","31","OLDER_THAN_2_MONTHS","","","","","","","",""
"outil de manutention manuelle","https://www.infoweb-manutention.fr/manutention/chariot-elevateur-manuel/","1","42","30","30","","0.8","1","","21","OLDER_THAN_2_MONTHS","true","false","true","true","false","false","",""
"roll conteneur pas cher","https://www.infoweb-manutention.fr/stockage/roll-conteneur/","1","31","10","10","","2.37","1","","19","OLDER_THAN_2_MONTHS","false","false","true","false","false","false","",""
"chariot déménagement castorama","https://www.infoweb-manutention.fr/manutention/chariot-diable/","1","31","10","10","","0.03","1","","63","OLDER_THAN_2_MONTHS","false","true","true","true","false","true","",""
"chariot de transport castorama","https://www.infoweb-manutention.fr/manutention/chariot-diable/","1","52","70","70","","0.7","1","","63","OLDER_THAN_2_MONTHS","","","","","","","",""
"chariot elevateur prix","https://www.infoweb-manutention.fr/chariot-elevateur/quel-prix-pour-un-prix-chariot-elevateur-neuf-noatre-avis/","1","71","400","480","520","1.29","1","1.3","28","OLDER_THAN_2_MONTHS","false","false","true","false","false","false","",""
"forum chariot élévateur","https://www.infoweb-manutention.fr/entreprise/le-classement-marques-chariot-elevateur-avis-et-comparatifs/","1","34","10","10","","","0.07","","17","OLDER_THAN_2_MONTHS","true","false","false","false","false","false","",""
"leader mondial chariot élévateur","https://www.infoweb-manutention.fr/entreprise/le-classement-marques-chariot-elevateur-avis-et-comparatifs/","1","34","10","10","","0.78","0.21","","7","OLDER_THAN_2_MONTHS","true","false","false","false","false","false","",""
"fenwick manutention","https://www.infoweb-manutention.fr/gerbeur/le-gerbeur-fenwick-tout-savoir-sur-cet-appareil/","1","46","30","30","","0.63","1","","11","OLDER_THAN_2_MONTHS","true","false","true","true","true","false","",""
"chariot elevateur marque","https://www.infoweb-manutention.fr/fabricants-chariots-elevateurs/","1","59","82","90","","2.67","1","","17","OLDER_THAN_2_MONTHS","true","false","false","false","false","false","",""
"élévateur mécanique de charge","https://www.infoweb-manutention.fr/levage-nacelles-tables-elevatrices/levage/elevateur-monte-charge/","1","32","8","90","","1.37","1","","25","OLDER_THAN_2_MONTHS","false","false","true","true","false","false","",""
"caces obligatoire ou pas","https://www.infoweb-manutention.fr/chariot-elevateur/est-il-obligatoire-davoir-un-caces/","1","60","70","70","","","0.0639","","23","OLDER_THAN_2_MONTHS","","","","","","","",""
"chariot grillagé manutan","https://www.infoweb-manutention.fr/stockage/roll-conteneur/","1","40","10","10","","","1","","45","OLDER_THAN_2_MONTHS","","","","","","","",""
"dimension fourche chariot élévateur","https://www.infoweb-manutention.fr/chariot-elevateur/norme-passage-chariot-elevateur-tout-savoir/","1","67","110","110","","1.06","0.63","","15","OLDER_THAN_2_MONTHS","","","","","","","",""
"clark transpalette","https://www.infoweb-manutention.fr/transpalette/5-meilleures-marques-de-transpalettes-comparatif-detaille/","1","62","90","90","","2.43","0.99","","1","OLDER_THAN_2_MONTHS","true","false","false","false","false","false","",""
"manutention palan","https://www.infoweb-manutention.fr/treuil-palonnier/palan-a-chaine-guide-conseils-dachat/","1","59","50","50","","0.49","1","","28","OLDER_THAN_2_MONTHS","true","false","true","false","false","false","",""
"chariot manuel manutention","https://www.infoweb-manutention.fr/manutention/chariot-elevateur-manuel/","1","50","20","20","","3.7143","1","","1","OLDER_THAN_2_MONTHS","","","","","","","",""
"chariot elevateur 7t","https://www.infoweb-manutention.fr/produit/chariot-elevateur-a-gaz-7t","1","49","20","20","","2.01","1","","15","OLDER_THAN_2_MONTHS","","","","","","","",""
"chariot élévateur manuelle","https://www.infoweb-manutention.fr/manutention/chariot-elevateur-manuel/","1","60","44","480","300","1.39","1","6.8182","24","OLDER_THAN_2_MONTHS","false","false","true","false","false","false","",""
"marque de chariot élévateur","https://www.infoweb-manutention.fr/entreprise/le-classement-marques-chariot-elevateur-avis-et-comparatifs/","1","69","90","90","","1.86","0.78","","17","OLDER_THAN_2_MONTHS","true","false","false","false","false","false","",""
"prix diable castorama","https://www.infoweb-manutention.fr/manutention/chariot-diable/","1","62","70","70","","0.35","1","","63","OLDER_THAN_2_MONTHS","","","","","","","",""
"qu est ce que le caces 3","https://www.infoweb-manutention.fr/caces-chariot-elevateur-guide-complet/","1","52","30","30","","","0.06","","25","OLDER_THAN_2_MONTHS","true","false","false","false","false","false","",""
"itm transport","https://www.infoweb-manutention.fr/table-elevatrice/itm-logistique-alimentaire-international/","1","70","90","90","","1.65","0.03","","1","OLDER_THAN_2_MONTHS","true","false","false","true","false","false","",""
"caces r389 3","https://www.infoweb-manutention.fr/chariot-elevateur/caces-chariot-elevateur-que-dois-je-savoir/","1","70","90","90","","0.9459","0.01","","19","OLDER_THAN_2_MONTHS","true","false","false","false","false","false","",""
"chariot de déménagement charge lourde","https://www.infoweb-manutention.fr/manutention/chariot-diable/","1","62","70","70","","0.84","0.99","","25","OLDER_THAN_2_MONTHS","false","false","false","true","false","false","",""
"porte-palan","https://www.infoweb-manutention.fr/chariot-porte-palan/","1","73","127","140","1760","1.77","1","13.8583","29","OLDER_THAN_2_MONTHS","true","false","false","false","false","false","",""
"aimant 100 kg","https://www.infoweb-manutention.fr/produit/levage-magnetique-aimants-de-levage-100-kg/","1","61","50","50","","0.39","1","","27","OLDER_THAN_2_MONTHS","false","false","true","false","false","false","",""
"jalet manutention","https://www.infoweb-manutention.fr/chariot-elevateur/caisse-de-levage-chariot-fenwick-chariot-nissan-heister/","1","62","50","50","","","0.06","","21","OLDER_THAN_2_MONTHS","true","false","false","false","false","false","",""
"chariot de levage manuel","https://www.infoweb-manutention.fr/manutention/chariot-elevateur-manuel/","1","68","70","70","","0.64","0.99","","15","OLDER_THAN_2_MONTHS","false","false","true","true","false","false","",""
"chariot élévateur gaz ou diesel","https://www.infoweb-manutention.fr/chariot-elevateur/guide-complet-un-chariot-elevateur-diesel/","1","43","10","10","","","0.29","","17","OLDER_THAN_2_MONTHS","true","false","false","false","false","false","",""
"chariot élévateur catégorie 7","https://www.infoweb-manutention.fr/chariot-elevateur/caces-chariot-elevateur-que-dois-je-savoir/","1","44","10","10","","","0.24","","17","OLDER_THAN_2_MONTHS","true","false","false","false","false","false","",""
"leader mondial chariot élévateur","https://www.infoweb-manutention.fr/chariot-elevateur/classement-des-marques-chariot-elevateur/","1","45","10","10","","0.78","0.21","","7","OLDER_THAN_2_MONTHS","true","false","false","false","false","false","",""
"hauteur chariot élévateur","https://www.infoweb-manutention.fr/chariot-elevateur/norme-passage-chariot-elevateur-tout-savoir/","1","61","50","50","","1.39","0.86","","1","OLDER_THAN_2_MONTHS","true","false","true","false","false","false","",""
"itm logistique alimentaire","https://www.infoweb-manutention.fr/table-elevatrice/itm-logistique-alimentaire-international/","1","69","70","70","4","","0.02","0.0571","28","OLDER_THAN_2_MONTHS","true","false","false","false","false","false","",""
"comment choisir huile hydraulique","https://www.infoweb-manutention.fr/chariot-elevateur/choix-de-lhuile-hydraulique-pour-chariot-elevateur/","1","45","10","10","","","0.33","","17","OLDER_THAN_2_MONTHS","","","","","","","",""
"petit elevateur manuel","https://www.infoweb-manutention.fr/manutention/chariot-elevateur-manuel/","1","44","10","10","","0.15","1","","22","OLDER_THAN_2_MONTHS","","","","","","","",""
"calcul allée de circulation entrepôt","https://www.infoweb-manutention.fr/chariot-elevateur/norme-passage-chariot-elevateur-tout-savoir/","1","48","10","10","","","0.0336","","10","OLDER_THAN_2_MONTHS","true","false","false","false","false","false","",""
"rolls de transport","https://www.infoweb-manutention.fr/stockage/roll-conteneur/","1","66","64","70","","7.12","1","","28","OLDER_THAN_2_MONTHS","","","","","","","",""
"rolls isotherme","https://www.infoweb-manutention.fr/stockage/roll-conteneur/","1","67","70","70","","4.11","1","","7","OLDER_THAN_2_MONTHS","","","","","","","",""
"roll-conteneur grillagé","https://www.infoweb-manutention.fr/stockage/roll-conteneur/","1","42","10","10","","","1","","19","OLDER_THAN_2_MONTHS","","","","","","","",""
"caces gerbeur obligatoire","https://www.infoweb-manutention.fr/chariot-elevateur/est-il-obligatoire-davoir-un-caces/","1","56","30","30","","3.717","0.1476","","12","OLDER_THAN_2_MONTHS","true","false","false","false","false","false","",""
"cout location nacelle","https://www.infoweb-manutention.fr/acheter-ou-louer-une-nacelle-elevatrice/","1","68","40","40","","0.59","0.21","","24","OLDER_THAN_2_MONTHS","true","false","true","false","false","false","",""
"aimant 600 kg","https://www.infoweb-manutention.fr/produit/levage-magnetique-grue-600-kg/","1","70","40","40","","0.4138","1","","24","OLDER_THAN_2_MONTHS","true","false","true","false","false","false","",""
"chariot élévateur fenwick prix","https://www.infoweb-manutention.fr/chariot-elevateur/fenwick-chariot-elevateur-prix-ce-quil-faut-savoir/","1","66","50","50","3","1.1021","1","0.06","16","OLDER_THAN_2_MONTHS","true","false","true","false","false","false","",""
"comment choisir un diable","https://www.infoweb-manutention.fr/manutention/chariots-manuels-diables/les-diables-pour-votre-entrepot/","1","49","10","10","","","0.71","","23","OLDER_THAN_2_MONTHS","true","false","true","false","false","false","",""
"transpalette electrique pas cher","https://www.infoweb-manutention.fr/transpalette/prix-des-transpalettes-guide-des-tarifs-complet/","1","69","45","50","","6.51","1","","10","OLDER_THAN_2_MONTHS","false","false","true","false","false","false","",""
"aimant de levage 300 kg","https://www.infoweb-manutention.fr/produit/levage-magnetique-300-kg/","1","63","40","40","","0.71","1","","17","OLDER_THAN_2_MONTHS","false","false","true","true","false","false","",""
"fabricant chariot élévateur","https://www.infoweb-manutention.fr/fabricants-chariots-elevateurs/","1","58","20","20","","5.73","0.96","","9","OLDER_THAN_2_MONTHS","true","false","false","false","false","false","",""
"aimant de levage 100 kg","https://www.infoweb-manutention.fr/produit/levage-magnetique-aimants-de-levage-100-kg/","1","57","20","20","","1.4001","0.9945","","26","OLDER_THAN_2_MONTHS","","","","","","","",""
"transport fenwick","https://www.infoweb-manutention.fr/gerbeur/le-gerbeur-fenwick-tout-savoir-sur-cet-appareil/","1","53","20","20","","2.29","0.22","","8","OLDER_THAN_2_MONTHS","true","false","true","true","false","false","",""
"chariot élévateur prix neuf","https://www.infoweb-manutention.fr/chariot-elevateur/quel-prix-pour-un-prix-chariot-elevateur-neuf-noatre-avis/","1","42","5","70","","2.01","1","","17","OLDER_THAN_2_MONTHS","","","","","","","",""
"achat pont roulant","https://www.infoweb-manutention.fr/table-elevatrice/levage-ponts-roulants-potences/pont-roulant-a-commande-manuelle/","1","67","40","40","","1.7407","0.06","","14","OLDER_THAN_2_MONTHS","","","","","","","",""
"outillage liddle","https://www.infoweb-manutention.fr/outillage/parksidelidl-bricolage/","1","68","50","50","","0.44","0.99","","32","OLDER_THAN_2_MONTHS","","","","","","","outillage lidl",""
"chariot porte palan","https://www.infoweb-manutention.fr/chariot-porte-palan/","1","75","44","480","1190","1.73","1","27.0455","26","OLDER_THAN_2_MONTHS","","","","","","","",""
"comparatif remorque voiture","https://www.infoweb-manutention.fr/accessoire/les-remorques-pour-voitures-lesquelles-choisir/","1","55","10","10","","0.1284","0.57","","23","OLDER_THAN_2_MONTHS","true","false","false","false","false","false","",""
"maintenance pont roulant pdf","https://www.infoweb-manutention.fr/pont-roulant/guide-sur-la-securite-des-ponts-roulants/","1","66","20","20","","2.3039","0.4341","","1","OLDER_THAN_2_MONTHS","","","","","","","",""
"conduire sans caces","https://www.infoweb-manutention.fr/chariot-elevateur/est-il-obligatoire-davoir-un-caces/","1","68","20","20","","","0.0286","","28","OLDER_THAN_2_MONTHS","true","false","false","false","false","false","",""
"aimant 400kg","https://www.infoweb-manutention.fr/produit/aimant-de-levage-magnetique-400kg/","1","54","5","30","","0.3","0.93","","1","OLDER_THAN_2_MONTHS","false","false","true","false","false","false","aimant 400 kg",""
"treuil palan electrique","https://www.infoweb-manutention.fr/produit/treuil-a-cable-electrique-400-800-kg-palan-electrique/","1","80","82","90","","0.93","1","","23","OLDER_THAN_2_MONTHS","false","false","true","true","false","false","",""
"chariot élévateur gaz prix","https://www.infoweb-manutention.fr/categorie/chariot-elevateur-gaz/","1","61","20","20","","1.23","1","","22","OLDER_THAN_2_MONTHS","true","false","true","false","false","false","",""
"chariot elevateur gaz prix","https://www.infoweb-manutention.fr/categorie/chariot-elevateur-gaz/","1","67","20","20","","1.23","1","","22","OLDER_THAN_2_MONTHS","true","false","true","true","false","false","",""
"aimant de levage 1000 kg","https://www.infoweb-manutention.fr/produit/aimant-de-levage-magnetique-1000-kg/","1","75","50","50","","3.36","1","","19","OLDER_THAN_2_MONTHS","true","false","true","false","false","false","",""
"fabricant chariot elevateur","https://www.infoweb-manutention.fr/fabricants-chariots-elevateurs/","1","66","20","20","","5.73","0.96","","9","OLDER_THAN_2_MONTHS","true","false","false","false","true","false","",""
"bâtiment industriel prix m2","https://www.infoweb-manutention.fr/btp/le-prix-de-la-renovation-de-locaux-et-entrepots-industriels/","1","57","5","50","","1.83","1","","19","OLDER_THAN_2_MONTHS","true","false","false","false","false","false","",""
"chariot levage manuel","https://www.infoweb-manutention.fr/manutention/chariot-elevateur-manuel/","1","58","10","10","","3.3","1","","15","OLDER_THAN_2_MONTHS","false","false","true","true","false","false","",""
"chariot elevateur 5 tonnes","https://www.infoweb-manutention.fr/produit/chariot-elevateur-a-gaz-5t/","1","87","70","70","","3","1","","13","OLDER_THAN_2_MONTHS","true","false","true","false","false","false","",""
"aimant de levage fonctionnement","https://www.infoweb-manutention.fr/produit/aimant-de-levage-magnetique-1000-kg/","1","54","10","10","","","0.86","","4","OLDER_THAN_2_MONTHS","","","","","","","",""
"chariot elevateur electrique manuel","https://www.infoweb-manutention.fr/manutention/chariot-elevateur-manuel/","1","60","10","10","","0.36","1","","1","OLDER_THAN_2_MONTHS","","","","","","","",""
"chariot elevateur electrique neuf","https://www.infoweb-manutention.fr/manutention/chariot-elevateur/","1","53","10","10","","2.4514","0.2328","","25","OLDER_THAN_2_MONTHS","","","","","","","",""
"type de nacelle elevatrice","https://www.infoweb-manutention.fr/nacelles-elevatrices/","1","73","40","40","","0.7571","0.9119","","17","OLDER_THAN_2_MONTHS","","","","","","","",""
"différents types de nacelles","https://www.infoweb-manutention.fr/nacelles-elevatrices/","1","74","40","40","","","0.0266","","17","OLDER_THAN_2_MONTHS","","","","","","","",""
"palan electrique 400 kg","https://www.infoweb-manutention.fr/produit/treuil-a-cable-electrique-400-800-kg-palan-electrique/","1","65","27","30","","0.65","1","","16","OLDER_THAN_2_MONTHS","","","","","","","",""
"palan a chaine 3 tonnes","https://www.infoweb-manutention.fr/produit/palan-a-chaine-3-tonnes/","1","72","40","40","","0.7988","1","","27","OLDER_THAN_2_MONTHS","true","false","true","true","false","false","",""
"diable charges lourdes","https://www.infoweb-manutention.fr/manutention/chariot-diable/","1","73","40","40","","1.2215","0.9903","","27","OLDER_THAN_2_MONTHS","","","","","","","",""
"treuil electrique 100 kg","https://www.infoweb-manutention.fr/produit/treuil-palan-electrique-treuil100-200kg","1","79","45","50","","0.56","1","","23","OLDER_THAN_2_MONTHS","true","false","true","true","false","false","",""
"chariot de transport electrique","https://www.infoweb-manutention.fr/categorie/chariot-elevateur-electrique/","1","83","70","70","","0.77","1","","22","OLDER_THAN_2_MONTHS","","","","","","","",""
"palan électrique télécommande sans fil","https://www.infoweb-manutention.fr/produit/treuil-a-cable-electrique-150kg-300kg-telecommande-sans-fill/","1","58","5","50","","0.99","1","","20","OLDER_THAN_2_MONTHS","true","false","true","true","false","false","",""
"caces 3 r389","https://www.infoweb-manutention.fr/chariot-elevateur/caces-chariot-elevateur-que-dois-je-savoir/","1","75","70","70","","2.01","0.05","","19","OLDER_THAN_2_MONTHS","true","false","false","false","false","false","",""
"poids fenwick","https://www.infoweb-manutention.fr/gerbeur/le-gerbeur-fenwick-tout-savoir-sur-cet-appareil/","1","89","90","90","","0.74","0.95","","9","OLDER_THAN_2_MONTHS","","","","","","","",""
"rail pour chariot porte palan","https://www.infoweb-manutention.fr/chariot-porte-palan/","1","69","30","30","","0.9766","0.9934","","23","OLDER_THAN_2_MONTHS","","","","","","","",""
"palan electrique 100 kg","https://www.infoweb-manutention.fr/produit/treuil-palan-electrique-treuil100-200kg","1","73","64","70","","0.51","1","","32","OLDER_THAN_2_MONTHS","","","","","","","",""
"manitou mc5","https://www.infoweb-manutention.fr/entreprise/le-classement-marques-chariot-elevateur-avis-et-comparatifs/","1","78","30","30","","","0.0143","","21","OLDER_THAN_2_MONTHS","","","","","","","",""
"chariot pont roulant","https://www.infoweb-manutention.fr/pont-roulant/les-avantages-des-ponts-roulants-pour-un-levage-securise/","1","77","70","70","","1.3745","1","","21","OLDER_THAN_2_MONTHS","true","false","true","true","false","false","",""
"palan treuil electrique","https://www.infoweb-manutention.fr/produit/treuil-a-cable-electrique-400-800-kg-palan-electrique/","1","85","82","90","","0.93","1","","26","OLDER_THAN_2_MONTHS","true","false","true","false","false","false","",""
"cric captur","https://www.infoweb-manutention.fr/accessoire/crics/crics-et-chariots-elevateurs/","1","60","10","10","","0.1213","1","","29","OLDER_THAN_2_MONTHS","","","","","","","",""
"prix d une nacelle élévatrice neuve","https://www.infoweb-manutention.fr/nacelles-elevatrices/","1","59","10","10","","0.02","0.93","","21","OLDER_THAN_2_MONTHS","true","false","true","true","false","false","",""
"diable tout-terrain pliable","https://www.infoweb-manutention.fr/manutention/chariot-diable/","1","65","20","20","","0.6004","1","","29","OLDER_THAN_2_MONTHS","","","","","","","",""
"réglementation pont élévateur","https://www.infoweb-manutention.fr/pont-roulant/guide-sur-la-securite-des-ponts-roulants/","1","69","30","30","","","0.1032","","1","OLDER_THAN_2_MONTHS","","","","","","","",""
"marque lidl parkside","https://www.infoweb-manutention.fr/outillage/parksidelidl-bricolage/","1","69","30","30","","0.0275","0.873","","30","OLDER_THAN_2_MONTHS","","","","","","","",""
"porter des charges lourdes avec des sangles","https://www.infoweb-manutention.fr/produit/1t-chariot-a-engrenage-avec-chaine-factories-curve-geared-trolley/","1","76","30","30","","0.2593","1","","10","OLDER_THAN_2_MONTHS","","","","","","","",""
"norme pont roulant","https://www.infoweb-manutention.fr/pont-roulant/les-ponts-roulants-et-la-securite-au-travail-pratiques-et-innovations/","1","63","20","20","","1.2551","0.181","","14","OLDER_THAN_2_MONTHS","true","false","false","false","false","false","",""
"meilleur diable monte escalier","https://www.infoweb-manutention.fr/diable-chariot/meilleurs-diables-pliants-pour-vos-besoins/","1","63","10","10","10","0.39","1","1","12","OLDER_THAN_2_MONTHS","","","","","","","",""
"poutre de roulement pont roulant","https://www.infoweb-manutention.fr/table-elevatrice/pont-roulant-a-double-poutre-la-solution-robuste-pour-les-charges-lourdes/","1","91","10","10","","","1","","11","OLDER_THAN_2_MONTHS","","","","","","","",""
"aimant 200kg","https://www.infoweb-manutention.fr/produit/treuil-palan-electrique-treuil100-200kg","1","63","5","40","","0.96","1","","15","OLDER_THAN_2_MONTHS","true","false","true","false","false","false","",""
"chariot de manutention manuel","https://www.infoweb-manutention.fr/manutention/chariot-elevateur-manuel/","1","86","20","20","","0.21","0.93","","30","OLDER_THAN_2_MONTHS","true","false","true","true","false","false","",""
"chariot elevateur electrique prix","https://www.infoweb-manutention.fr/categorie/chariot-elevateur-electrique/","1","86","7","90","","2.15","1","","14","OLDER_THAN_2_MONTHS","true","false","true","true","false","false","",""
"prix chariot elevateur electrique","https://www.infoweb-manutention.fr/categorie/chariot-elevateur-electrique/","1","88","69","90","","2.15","1","","1","OLDER_THAN_2_MONTHS","true","false","true","true","false","false","",""
"leader mondial chariot élévateur","https://www.infoweb-manutention.fr/fabricants-chariots-elevateurs/","1","64","10","10","","0.78","0.21","","7","OLDER_THAN_2_MONTHS","true","false","false","false","false","false","",""
"distance de sécurité chariot élévateur","https://www.infoweb-manutention.fr/chariot-elevateur/norme-passage-chariot-elevateur-tout-savoir/","1","77","20","20","","","0.2857","","4","OLDER_THAN_2_MONTHS","true","false","false","false","true","false","",""
"chariot elevateur fenwick electrique","https://www.infoweb-manutention.fr/chariot-elevateur/fenwick-chariot-elevateur-prix-ce-quil-faut-savoir/","1","80","30","30","","0.4","1","","24","OLDER_THAN_2_MONTHS","false","false","true","false","false","false","",""
"chariot élévateur pas cher","https://www.infoweb-manutention.fr/manutention/chariot-elevateur/","1","82","5","40","","2.28","1","","21","OLDER_THAN_2_MONTHS","false","false","true","true","false","false","",""
"tire palette gerbeur","https://www.infoweb-manutention.fr/manutention/transpalettes/","1","87","30","30","","1.22","1","","17","OLDER_THAN_2_MONTHS","true","false","true","true","false","false","",""
"chariot élévateur électrique prix","https://www.infoweb-manutention.fr/categorie/chariot-elevateur-electrique/","1","87","7","90","","2.15","1","","10","OLDER_THAN_2_MONTHS","true","false","true","true","false","false","",""
"prix chariot élévateur électrique","https://www.infoweb-manutention.fr/categorie/chariot-elevateur-electrique/","1","88","20","20","","1.95","0.96","","10","OLDER_THAN_2_MONTHS","true","false","true","true","false","false","",""
"fournisseur chariot élévateur","https://www.infoweb-manutention.fr/fabricants-chariots-elevateurs/","1","89","10","10","","10.57","0.96","","20","OLDER_THAN_2_MONTHS","true","false","false","false","true","false","",""
"caces r389 ou r489","https://www.infoweb-manutention.fr/chariot-elevateur/caces-chariot-elevateur-que-dois-je-savoir/","1","91","30","30","","2.62","0.01","","7","OLDER_THAN_2_MONTHS","true","false","false","false","false","false","",""
"transpalette électrique pas cher","https://www.infoweb-manutention.fr/transpalette/prix-des-transpalettes-guide-des-tarifs-complet/","1","63","5","50","","6.51","1","","7","OLDER_THAN_2_MONTHS","false","false","true","true","false","false","",""
"r389 r489","https://www.infoweb-manutention.fr/chariot-elevateur/caces-chariot-elevateur-que-dois-je-savoir/","1","86","50","50","","1.0034","0.1026","","10","OLDER_THAN_2_MONTHS","","","","","","","",""
"location chariot elevateur pas cher","https://www.infoweb-manutention.fr/manutention/chariot-elevateur/","1","81","10","10","","5.9575","1","","15","OLDER_THAN_2_MONTHS","","","","","","","",""
"transpalette élévateur manuel","https://www.infoweb-manutention.fr/manutention/transpalettes/","1","84","50","50","","3.62","1","","32","OLDER_THAN_2_MONTHS","true","false","true","false","false","false","",""
"ou acheter un transpalette","https://www.infoweb-manutention.fr/transpalette/ou-acheter-un-transpalette-guide-des-4-meilleurs-fournisseurs/","1","87","20","20","","2.6757","1","","23","OLDER_THAN_2_MONTHS","","","","","","","",""
"diable elevateur pas cher","https://www.infoweb-manutention.fr/manutention/chariots-manuels-diables/les-diables-pour-votre-entrepot/","1","88","10","10","","1.2398","1","","28","OLDER_THAN_2_MONTHS","","","","","","","",""
"treuil élévateur","https://www.infoweb-manutention.fr/produit/treuil-a-cable-electrique-250-500-kg/","1","86","40","40","","0.5305","1","","22","OLDER_THAN_2_MONTHS","","","","","","","",""
"élévateur neuf","https://www.infoweb-manutention.fr/chariot-elevateur/quel-prix-pour-un-prix-chariot-elevateur-neuf-noatre-avis/","1","77","10","10","","","1","","12","OLDER_THAN_2_MONTHS","","","","","","","",""
"code cpf caces r389","https://www.infoweb-manutention.fr/chariot-elevateur/caces-chariot-elevateur-que-dois-je-savoir/","1","89","10","10","","","","","5","OLDER_THAN_2_MONTHS","","","","","","","",""
"pont gerbeur","https://www.infoweb-manutention.fr/table-elevatrice/pont-roulant-a-commande-electrique-la-solution-efficace-et-precise-pour-les-operations-de-levage-regulieres/","1","68","10","10","","","1","","1","OLDER_THAN_2_MONTHS","true","false","true","false","false","false","",""
"commande palan electrique","https://www.infoweb-manutention.fr/produit/treuil-electrique-pa1200-palan-220-v-telecommande-avec-un-cable-de-15-m/","1","90","20","20","","0.19","1","","1","OLDER_THAN_2_MONTHS","","","","","","","",""
"treuil électrique avec télécommande sans fil","https://www.infoweb-manutention.fr/produit/treuil-a-cable-electrique-150kg-300kg-telecommande-sans-fill/","1","65","5","50","","0.67","1","","32","OLDER_THAN_2_MONTHS","false","false","true","true","false","false","",""
"transpalette occasion pas cher","https://www.infoweb-manutention.fr/transpalette/prix-des-transpalettes-guide-des-tarifs-complet/","1","89","10","10","","0.63","1","","17","OLDER_THAN_2_MONTHS","","","","","","","",""
"achat diable demenagement","https://www.infoweb-manutention.fr/manutention/chariot-diable/","1","89","10","10","","0.28","1","","28","OLDER_THAN_2_MONTHS","","","","","","","",""
"gerbeur transpalette électrique","https://www.infoweb-manutention.fr/manutention/transpalettes/","1","72","5","70","","5.75","1","","27","OLDER_THAN_2_MONTHS","","","","","","","",""
"consigne de securite pour chariot elevateur","https://www.infoweb-manutention.fr/chariot-elevateur/comment-descendre-dun-chariot-elevateur/","1","86","20","20","","5.2391","1","","18","OLDER_THAN_2_MONTHS","true","false","false","false","false","false","",""
"palan ancien","https://www.infoweb-manutention.fr/categorie/palan-treuils/","1","99","30","30","","","0.8791","","22","OLDER_THAN_2_MONTHS","","","","","","","",""
"transpalette prix pas cher","https://www.infoweb-manutention.fr/transpalette/5-astuces-pour-trouver-un-transpalette-pas-cher/","1","69","10","10","","","","","34","OLDER_THAN_2_MONTHS","","","","","","","",""
"palan électrique 400 kg","https://www.infoweb-manutention.fr/produit/treuil-a-cable-electrique-400-800-kg-palan-electrique/","1","80","5","30","","0.65","1","","16","OLDER_THAN_2_MONTHS","true","false","true","true","false","false","",""
"elévateur manuel","https://www.infoweb-manutention.fr/manutention/chariot-elevateur-manuel/","1","83","10","10","","4.06","1","","22","OLDER_THAN_2_MONTHS","","","","","","","",""
"monte charge elevateur","https://www.infoweb-manutention.fr/levage-nacelles-tables-elevatrices/levage/elevateur-monte-charge/","1","88","45","50","","1.87","1","","18","OLDER_THAN_2_MONTHS","","","","","","","",""
"palan electrique à cable","https://www.infoweb-manutention.fr/produit/treuil-a-cable-electrique-400-800-kg-palan-electrique/","1","90","20","20","","0.9917","1","","12","OLDER_THAN_2_MONTHS","","","","","","","",""
"monte charge élévateur","https://www.infoweb-manutention.fr/levage-nacelles-tables-elevatrices/levage/elevateur-monte-charge/","1","90","5","50","","1.87","1","","17","OLDER_THAN_2_MONTHS","true","false","true","false","false","false","",""
"treuil 200 kg","https://www.infoweb-manutention.fr/produit/treuil-palan-electrique-treuil100-200kg","1","96","40","40","","0.3063","1","","25","OLDER_THAN_2_MONTHS","","","","","","","",""
"treuil électrique 1 tonne","https://www.infoweb-manutention.fr/produit/treuil-a-cable-electrique-400-800-kg-palan-electrique/","1","72","20","20","","1.3405","1","","29","OLDER_THAN_2_MONTHS","","","","","","","",""
"treuil electrique 200 kg","https://www.infoweb-manutention.fr/produit/treuil-palan-electrique-treuil100-200kg","1","83","30","30","","0.5499","1","","25","OLDER_THAN_2_MONTHS","","","","","","","",""
"tire palette elevateur","https://www.infoweb-manutention.fr/manutention/transpalettes/","1","91","50","50","","4.5","1","","34","OLDER_THAN_2_MONTHS","","","","","","","",""
"palan électrique 100 kg","https://www.infoweb-manutention.fr/produit/treuil-palan-electrique-treuil100-200kg","1","62","6","70","","0.51","1","","25","OLDER_THAN_2_MONTHS","true","false","true","true","false","false","",""
"chaussure de sécurité manutention","https://www.infoweb-manutention.fr/securite/quelle-chaussure-de-securite-pour-cariste/","1","78","20","20","","2.69","1","","30","OLDER_THAN_2_MONTHS","","","","","","","",""
"palan 200 kg","https://www.infoweb-manutention.fr/produit/treuil-palan-electrique-treuil100-200kg","1","86","30","30","","0.5357","1","","27","OLDER_THAN_2_MONTHS","","","","","","","",""
"chariot de transport électrique","https://www.infoweb-manutention.fr/categorie/chariot-elevateur-electrique/","1","87","50","50","","1.1687","0.969","","12","OLDER_THAN_2_MONTHS","false","false","true","true","false","false","",""
"chariot poutre roulante","https://www.infoweb-manutention.fr/table-elevatrice/pont-roulant-a-double-poutre-la-solution-robuste-pour-les-charges-lourdes/","1","95","30","30","","0.5081","1","","17","OLDER_THAN_2_MONTHS","","","","","","","",""
"chariot elevateur 7 tonnes","https://www.infoweb-manutention.fr/produit/chariot-elevateur-a-gaz-7t","1","97","20","20","","","0.7","","17","OLDER_THAN_2_MONTHS","","","","","","","",""
"diable pour charge lourde","https://www.infoweb-manutention.fr/manutention/chariot-diable/","1","98","30","30","","1.0707","1","","27","OLDER_THAN_2_MONTHS","true","false","true","false","false","false","",""
"siege fenwick","https://www.infoweb-manutention.fr/gerbeur/le-gerbeur-fenwick-tout-savoir-sur-cet-appareil/","1","91","40","40","","0.53","1","","13","OLDER_THAN_2_MONTHS","","","","","","","",""
"aimant de levage manuel","https://www.infoweb-manutention.fr/categorie/aimant-de-levage/","1","82","40","40","","0.3362","1","","27","OLDER_THAN_2_MONTHS","","","","","","","",""
"comment descendre une nacelle manuellement","https://www.infoweb-manutention.fr/chariot-elevateur/comment-descendre-dun-chariot-elevateur/","1","94","90","90","","","","","1","OLDER_THAN_2_MONTHS","true","false","false","false","false","false","",""
"fenwick poids","https://www.infoweb-manutention.fr/gerbeur/le-gerbeur-fenwick-tout-savoir-sur-cet-appareil/","1","95","30","30","","1.2641","0.4226","","9","OLDER_THAN_2_MONTHS","","","","","","","",""
"concessionnaire hyster","https://www.infoweb-manutention.fr/fabricants-chariots-elevateurs/","1","95","30","30","","1.2056","0.2857","","10","OLDER_THAN_2_MONTHS","","","","","","","",""
"entraxe fourche chariot elevateur","https://www.infoweb-manutention.fr/chariot-elevateur/norme-passage-chariot-elevateur-tout-savoir/","1","72","20","20","","","1","","1","OLDER_THAN_2_MONTHS","true","false","true","false","false","false","",""
"roll-conteneur de sécurité","https://www.infoweb-manutention.fr/stockage/roll-conteneur/","1","75","10","10","","6.6113","0.9078","","19","OLDER_THAN_2_MONTHS","","","","","","","",""
"c'est quoi le caces 3","https://www.infoweb-manutention.fr/caces-chariot-elevateur-guide-complet/","1","92","30","30","","","0.04","","24","OLDER_THAN_2_MONTHS","true","false","true","false","false","false","",""
"rolls stockage","https://www.infoweb-manutention.fr/stockage/roll-conteneur/","1","73","5","40","","3.98","0.98","","34","OLDER_THAN_2_MONTHS","","","","","","","",""
"pont de manutention","https://www.infoweb-manutention.fr/levage/levage-ponts-roulants-potences/","1","85","50","50","","3.12","0.97","","15","OLDER_THAN_2_MONTHS","","","","","","","",""
"prix d'une nacelle élévatrice neuve","https://www.infoweb-manutention.fr/nacelles-elevatrices/","1","66","5","50","","0.5832","0.9862","","21","OLDER_THAN_2_MONTHS","true","false","true","false","false","false","",""
"produit lidl parkside","https://www.infoweb-manutention.fr/outillage/parksidelidl-bricolage/","1","88","30","30","","0.1416","0.9498","","44","OLDER_THAN_2_MONTHS","","","","","","","",""
"les inconvénients du stockage dynamique","https://www.infoweb-manutention.fr/rayonnage/les-5-avantages-du-rayonnage-industriel-pour-votre-entrepot/","1","86","10","10","","","","","1","OLDER_THAN_2_MONTHS","","","","","","","",""
"chariot porte charge","https://www.infoweb-manutention.fr/chariot-porte-palan/","1","93","40","40","","0.9989","1","","20","OLDER_THAN_2_MONTHS","","","","","","","",""
"ponts roulants réglementation","https://www.infoweb-manutention.fr/pont-roulant/guide-sur-la-securite-des-ponts-roulants/","1","87","50","50","","","0.09","","1","OLDER_THAN_2_MONTHS","","","","","","","",""
"inspection pont roulant","https://www.infoweb-manutention.fr/pont-roulant/guide-sur-la-securite-des-ponts-roulants/","1","69","10","10","","","0.3571","","4","OLDER_THAN_2_MONTHS","false","false","false","true","true","false","",""
"chariot gaz intérieur","https://www.infoweb-manutention.fr/produit/chariot-elevateur-a-gaz-25t/","","63","","","","","","","16","OLDER_THAN_2_MONTHS","true","false","true","false","false","false","",""
"stockage dynamique avantage","https://www.infoweb-manutention.fr/rayonnage/les-5-avantages-du-rayonnage-industriel-pour-votre-entrepot/","","45","","","","","","","9","OLDER_THAN_2_MONTHS","true","false","false","false","false","false","",""
"chariot élévateur fenwick prix neuf","https://www.infoweb-manutention.fr/chariot-elevateur/fenwick-chariot-elevateur-prix-ce-quil-faut-savoir/","","27","","","","","","","17","OLDER_THAN_2_MONTHS","","","","","","","",""
"chariot picking d'entrepôt","https://www.infoweb-manutention.fr/rayonnage/roll-picking-preparation-facilitee/","","35","","","","","","","7","OLDER_THAN_2_MONTHS","","","","","","","",""
"la meilleure marque de remorque voiture","https://www.infoweb-manutention.fr/accessoire/les-remorques-pour-voitures-lesquelles-choisir/","","51","","","","","","","16","OLDER_THAN_2_MONTHS","true","false","false","false","false","false","",""
"outil lidl parkside","https://www.infoweb-manutention.fr/outillage/parksidelidl-bricolage/","","74","","","","","","","45","OLDER_THAN_2_MONTHS","true","false","false","false","false","false","",""
"chariot élévateur électrique 2t","https://www.infoweb-manutention.fr/categorie/chariot-elevateur-electrique/","","73","","","","","","","23","OLDER_THAN_2_MONTHS","","","","","","","",""
"quel poid peut soulever un aimant","https://www.infoweb-manutention.fr/produit/aimant-de-levage-400-kg/","","29","","","","","","","11","OLDER_THAN_2_MONTHS","true","false","true","false","false","false","",""
"quel poid peut soulever un aimant","https://www.infoweb-manutention.fr/produit/aimant-de-levage-magnetique-capacite-de-levage-de-1500-kg/","","42","","","","","","","11","OLDER_THAN_2_MONTHS","true","false","true","false","false","false","",""
"quel poid peut soulever un aimant","https://www.infoweb-manutention.fr/produit/elevateur-magnetique-a-aimant-en-acier-capacite-poids-300-kg/","","52","","","","","","","11","OLDER_THAN_2_MONTHS","true","false","true","false","false","false","",""
"élévateur électrique prix","https://www.infoweb-manutention.fr/categorie/chariot-elevateur-electrique/","","69","","","","","","","16","OLDER_THAN_2_MONTHS","false","false","true","false","false","false","",""
"potencette","https://www.infoweb-manutention.fr/diable-chariot/meilleurs-diables-pliants-pour-vos-besoins/","","30","","","","","","","16","OLDER_THAN_2_MONTHS","true","false","false","false","false","false","",""
"potencette","https://www.infoweb-manutention.fr/table-elevatrice/comparatif-tables-elevatrices/","","44","","","","","","","16","OLDER_THAN_2_MONTHS","true","false","false","false","false","false","",""
"potencette","https://www.infoweb-manutention.fr/table-elevatrice/itm-logistique-alimentaire-international/","","54","","","","","","","16","OLDER_THAN_2_MONTHS","true","false","false","false","false","false","",""
"potencette","https://www.infoweb-manutention.fr/acheter-ou-louer-une-nacelle-elevatrice/","","66","","","","","","","16","OLDER_THAN_2_MONTHS","true","false","false","false","false","false","",""
"potencette","https://www.infoweb-manutention.fr/transpalette/5-meilleures-marques-de-transpalettes-comparatif-detaille/","","74","","","","","","","16","OLDER_THAN_2_MONTHS","true","false","false","false","false","false","",""
"potencette","https://www.infoweb-manutention.fr/securite/atelier-au-chantier-equipements-pour-la-performance-et-la-securite/","","80","","","","","","","16","OLDER_THAN_2_MONTHS","true","false","false","false","false","false","",""
"potencette","https://www.infoweb-manutention.fr/transpalette/prix-des-transpalettes-guide-des-tarifs-complet/","","85","","","","","","","16","OLDER_THAN_2_MONTHS","true","false","false","false","false","false","",""
"potencette","https://www.infoweb-manutention.fr/chariot-elevateur/caisse-de-levage-chariot-fenwick-chariot-nissan-heister/","","89","","","","","","","16","OLDER_THAN_2_MONTHS","true","false","false","false","false","false","",""
"comparatif chariot télescopique","https://www.infoweb-manutention.fr/entreprise/le-classement-marques-chariot-elevateur-avis-et-comparatifs/","","92","","","1","","","","7","OLDER_THAN_2_MONTHS","true","false","true","false","false","false","",""
"potencette","https://www.infoweb-manutention.fr/treuil-palonnier/levolution-des-ponts-roulants-industriels-innovations-technologiques-et-performance/","","92","","","","","","","16","OLDER_THAN_2_MONTHS","true","false","false","false","false","false","",""
"potencette","https://www.infoweb-manutention.fr/gerbeur/le-gerbeur-fenwick-tout-savoir-sur-cet-appareil/","","95","","","","","","","16","OLDER_THAN_2_MONTHS","true","false","false","false","false","false","",""
"maintenance table élévatrice","https://www.infoweb-manutention.fr/table-elevatrice/","","29","","","","","","","8","OLDER_THAN_2_MONTHS","true","false","true","false","false","false","",""
"maintenance table elevatrice","https://www.infoweb-manutention.fr/table-elevatrice/","","31","","","","","","","8","OLDER_THAN_2_MONTHS","true","false","true","false","false","false","",""
"table élévatrice légère","https://www.infoweb-manutention.fr/table-elevatrice/comparatif-tables-elevatrices/","","61","","","","","","","20","OLDER_THAN_2_MONTHS","false","false","true","true","false","false","",""
"classement constructeur chariot élévateur 2018","https://www.infoweb-manutention.fr/chariot-elevateur/classement-des-marques-chariot-elevateur/","","0","","","","","","","1","OLDER_THAN_2_MONTHS","true","false","false","false","false","false","",""
"comparatif chariot élévateur","https://www.infoweb-manutention.fr/entreprise/le-classement-marques-chariot-elevateur-avis-et-comparatifs/","","12","","","","","","","11","OLDER_THAN_2_MONTHS","","","","","","","",""
"meilleur chariot élévateur","https://www.infoweb-manutention.fr/chariot-elevateur/classement-des-marques-chariot-elevateur/","","19","","","","","","","14","OLDER_THAN_2_MONTHS","true","false","true","false","false","false","",""
"chariot élévateur neuf pas cher","https://www.infoweb-manutention.fr/manutention/chariot-elevateur/","","29","","","","","","","20","OLDER_THAN_2_MONTHS","true","false","true","true","false","false","",""
"comparatif chariot élévateur","https://www.infoweb-manutention.fr/chariot-elevateur/classement-des-marques-chariot-elevateur/","","32","","","","","","","11","OLDER_THAN_2_MONTHS","","","","","","","",""
"comparatif chariot élévateur","https://www.infoweb-manutention.fr/chariotelevateur-heli/","","35","","","","","","","11","OLDER_THAN_2_MONTHS","","","","","","","",""
"meilleur chariot élévateur","https://www.infoweb-manutention.fr/entreprise/le-classement-marques-chariot-elevateur-avis-et-comparatifs/","","38","","","","","","","14","OLDER_THAN_2_MONTHS","true","false","true","false","false","false","",""
"chariot élévateur électrique 5t","https://www.infoweb-manutention.fr/produit/chariot-elevateur-electrique-5t/","","38","","","","","","","13","OLDER_THAN_2_MONTHS","false","false","true","true","false","false","",""
"marque chariot élévateur électrique","https://www.infoweb-manutention.fr/entreprise/le-classement-marques-chariot-elevateur-avis-et-comparatifs/","","41","","","","","","","17","OLDER_THAN_2_MONTHS","true","false","true","true","false","false","",""
"toutes les marques de chariot élévateur","https://www.infoweb-manutention.fr/chariot-elevateur/classement-des-marques-chariot-elevateur/","","41","","","","","","","10","OLDER_THAN_2_MONTHS","true","false","false","false","false","false","",""
"chariot élévateur francais marque","https://www.infoweb-manutention.fr/chariot-elevateur/classement-des-marques-chariot-elevateur/","","51","","","","","","","19","OLDER_THAN_2_MONTHS","true","false","true","true","false","false","",""
"chariot élévateur électrique kiloutou","https://www.infoweb-manutention.fr/manutention/chariot-elevateur/","","54","","","","","","","52","OLDER_THAN_2_MONTHS","false","true","false","false","false","true","",""
"toutes les marques de chariot élévateur","https://www.infoweb-manutention.fr/entreprise/le-classement-marques-chariot-elevateur-avis-et-comparatifs/","","56","","","","","","","10","OLDER_THAN_2_MONTHS","true","false","false","false","false","false","",""
"meilleur chariot élévateur","https://www.infoweb-manutention.fr/chariot-elevateur/quel-est-le-meilleur-chariot-elevateur/","","62","","","","","","","14","OLDER_THAN_2_MONTHS","true","false","true","false","false","false","",""
"chariot élévateur teu","https://www.infoweb-manutention.fr/chariot-elevateur/caisse-de-levage-chariot-fenwick-chariot-nissan-heister/","","64","","","","","","","9","OLDER_THAN_2_MONTHS","false","false","true","true","false","false","",""
"chariot élévateur gaz ou électrique","https://www.infoweb-manutention.fr/chariotelevateur-heli/","","66","","","","","","","1","OLDER_THAN_2_MONTHS","true","false","false","false","false","false","",""
"chariot élévateur marque allemande","https://www.infoweb-manutention.fr/chariot-elevateur/classement-des-marques-chariot-elevateur/","","72","","","","","","","17","OLDER_THAN_2_MONTHS","true","false","false","true","false","false","",""
"chariot élévateur électrique neuf","https://www.infoweb-manutention.fr/manutention/chariot-elevateur/","","77","","","","","","","20","OLDER_THAN_2_MONTHS","false","false","true","false","false","false","",""
"marque chariot élévateur électrique","https://www.infoweb-manutention.fr/chariot-elevateur/classement-des-marques-chariot-elevateur/","","84","","","","","","","17","OLDER_THAN_2_MONTHS","true","false","true","true","false","false","",""
"chariot élévateur teu","https://www.infoweb-manutention.fr/entreprise/le-classement-marques-chariot-elevateur-avis-et-comparatifs/","","89","","","","","","","9","OLDER_THAN_2_MONTHS","false","false","true","true","false","false","",""
"marché chariot élévateur","https://www.infoweb-manutention.fr/entreprise/le-classement-marques-chariot-elevateur-avis-et-comparatifs/","","90","","","","","","","22","OLDER_THAN_2_MONTHS","true","false","true","false","false","false","",""
"constructeur chariot elevateur","https://www.infoweb-manutention.fr/chariot-elevateur/classement-des-marques-chariot-elevateur/","","31","","","","","","","9","OLDER_THAN_2_MONTHS","true","false","false","false","true","false","",""
"comparaison leasing achat entreprise","https://www.infoweb-manutention.fr/transpalette/comment-financer-lachat-dun-transpalette-professionnel/","","83","","","","","","","5","OLDER_THAN_2_MONTHS","true","false","false","false","false","false","",""
"equipement de levage magnétique","https://www.infoweb-manutention.fr/produit/aimant-de-levage-magnetique-1000-kg/","","68","","","","","","","13","OLDER_THAN_2_MONTHS","true","false","true","true","false","false","",""
"classement marques chariot elevateur","https://www.infoweb-manutention.fr/chariot-elevateur/classement-des-marques-chariot-elevateur/","","0","45","50","","0.71","0.17","","4","OLDER_THAN_2_MONTHS","true","false","false","false","false","false","",""
"classement marques chariot élévateur","https://www.infoweb-manutention.fr/chariot-elevateur/classement-des-marques-chariot-elevateur/","","0","5","50","","0.71","0.17","","1","OLDER_THAN_2_MONTHS","true","false","false","false","false","false","",""
"comment choisir son chariot elevateur","https://www.infoweb-manutention.fr/chariot-elevateur/guide-complet-un-chariot-elevateur-diesel/","","78","","","","","","","20","OLDER_THAN_2_MONTHS","true","false","false","false","false","false","",""
"crics et chariots élévateurs","https://www.infoweb-manutention.fr/accessoire/crics/crics-et-chariots-elevateurs/","","40","","","","","","","4","OLDER_THAN_2_MONTHS","true","false","true","false","false","false","",""
"equipement de levage magnétique prix","https://www.infoweb-manutention.fr/categorie/aimant-de-levage/","","67","","","","","","","26","OLDER_THAN_2_MONTHS","true","false","true","false","false","false","",""
"comment choisir un bon diable","https://www.infoweb-manutention.fr/manutention/chariots-manuels-diables/les-diables-pour-votre-entrepot/","","45","","","","","","","34","OLDER_THAN_2_MONTHS","","","","","","","",""
"prix equipement de levage magnétique","https://www.infoweb-manutention.fr/categorie/aimant-de-levage/","","59","","","","","","","29","OLDER_THAN_2_MONTHS","true","false","true","false","false","false","",""
"comment choisir un bon diable","https://www.infoweb-manutention.fr/manutention/chariot-diable/","","60","","","","","","","34","OLDER_THAN_2_MONTHS","","","","","","","",""
"qcm caces 1 3 5 gratuit","https://www.infoweb-manutention.fr/caces-chariot-elevateur-guide-complet/","","87","","","","","","","13","OLDER_THAN_2_MONTHS","","","","","","","",""
"chariot elevateur neuf electrique","https://www.infoweb-manutention.fr/manutention/chariot-elevateur/","","71","","","","","","","20","OLDER_THAN_2_MONTHS","","","","","","","",""
"maintenance gerbeur angers","https://www.infoweb-manutention.fr/entreprise/maintenance-industrielle-a-angers-un-levier-pour-la-performance-des-entreprises/","","18","","","","","","","1","OLDER_THAN_2_MONTHS","","","","","","","",""
"transpalette meilleur prix","https://www.infoweb-manutention.fr/transpalette/prix-des-transpalettes-guide-des-tarifs-complet/","","42","","","","","","","33","OLDER_THAN_2_MONTHS","","","","","","","",""
"equipement fenwick","https://www.infoweb-manutention.fr/gerbeur/le-gerbeur-fenwick-tout-savoir-sur-cet-appareil/","","45","","","","","","","24","OLDER_THAN_2_MONTHS","","","","","","","",""
"transpalette meilleur prix","https://www.infoweb-manutention.fr/transpalette/5-meilleures-marques-de-transpalettes-comparatif-detaille/","","73","","","","","","","33","OLDER_THAN_2_MONTHS","","","","","","","",""
"diable élévateur pas cher","https://www.infoweb-manutention.fr/manutention/chariots-manuels-diables/les-diables-pour-votre-entrepot/","","83","","","","","","","28","OLDER_THAN_2_MONTHS","","","","","","","",""
"pont a treuil pas cher","https://www.infoweb-manutention.fr/table-elevatrice/pont-roulant-a-commande-electrique-la-solution-efficace-et-precise-pour-les-operations-de-levage-regulieres/","","64","","","","","","","24","OLDER_THAN_2_MONTHS","","","","","","","",""
"charriot monte charge","https://www.infoweb-manutention.fr/levage-nacelles-tables-elevatrices/levage/elevateur-monte-charge/","","84","","","","","","","18","OLDER_THAN_2_MONTHS","","","","","","","",""
"petit palan pas cher","https://www.infoweb-manutention.fr/chariot-porte-palan/","","86","","","","","","","34","OLDER_THAN_2_MONTHS","","","","","","","",""
"batterie engin manutention","https://www.infoweb-manutention.fr/chariot-elevateur/principales-caracteristiques-et-avantages-de-la-technologie-des-batteries-lithium-ion/","","99","","","","","","","21","OLDER_THAN_2_MONTHS","","","","","","","",""
"chaussure de securite cariste","https://www.infoweb-manutention.fr/securite/quelle-chaussure-de-securite-pour-cariste/","","5","","","","","","","9","OLDER_THAN_2_MONTHS","true","false","true","true","false","false","",""
"contacter itm alimentation","https://www.infoweb-manutention.fr/table-elevatrice/itm-logistique-alimentaire-international/","","85","","","","","","","31","OLDER_THAN_2_MONTHS","true","false","false","false","false","false","",""
"chariot rétractable mitsubishi","https://www.infoweb-manutention.fr/produit/mat-retractable-2-000-kg-a-2500-kg/","","86","","","","","","","10","OLDER_THAN_2_MONTHS","","","","","","","",""
"prix chariot elevateur","https://www.infoweb-manutention.fr/manutention/chariot-elevateur/","","96","","","","","","","17","OLDER_THAN_2_MONTHS","","","","","","","",""
"montée descente chariot élévateur","https://www.infoweb-manutention.fr/chariot-elevateur/comment-descendre-dun-chariot-elevateur/","","1","","","","","","","12","OLDER_THAN_2_MONTHS","true","false","false","false","false","false","",""
"location roll de manutention","https://www.infoweb-manutention.fr/rayonnage/roll-de-manutention-transport-simplifie/","","91","","","","","","","17","OLDER_THAN_2_MONTHS","","","","","","","",""
"diable 300 kg castorama","https://www.infoweb-manutention.fr/manutention/chariot-diable/","","18","","","","","","","63","OLDER_THAN_2_MONTHS","","","","","","","",""
"table élévatrice occasion ebay","https://www.infoweb-manutention.fr/categorie/chariot-elevateur-electrique/","","44","","","","","","","58","OLDER_THAN_2_MONTHS","","","","","","","",""
"mdr etagere","https://www.infoweb-manutention.fr/stockage/rack-de-stockage-solutions-materiels-industriels/","","24","","","","","","","9","OLDER_THAN_2_MONTHS","false","false","true","false","false","false","mdf etagere",""
"location camion nacelle rentforce.com","https://www.infoweb-manutention.fr/nacelle/location-camion-nacelle-rentforce/","","11","","","","","","","25","OLDER_THAN_2_MONTHS","","","","","","","",""
"location nacelle strasbourg prix","https://www.infoweb-manutention.fr/acheter-ou-louer-une-nacelle-elevatrice/","","65","","","","","","","1","OLDER_THAN_2_MONTHS","","","","","","","",""
"où trouver l'outillage parkside ?","https://www.infoweb-manutention.fr/outillage/parksidelidl-bricolage/","","72","","","","","","","33","OLDER_THAN_2_MONTHS","","","","","","","",""
"cout renovation entrepot","https://www.infoweb-manutention.fr/btp/le-prix-de-la-renovation-de-locaux-et-entrepots-industriels/","","9","","","","","","","7","OLDER_THAN_2_MONTHS","","","","","","","",""
"chariot monté escalier castorama","https://www.infoweb-manutention.fr/manutention/chariot-diable/","","25","","","","","","","65","OLDER_THAN_2_MONTHS","true","true","false","false","false","true","",""
"acheter des outils parkside","https://www.infoweb-manutention.fr/outillage/parksidelidl-bricolage/","","95","","","","","","","40","OLDER_THAN_2_MONTHS","false","false","false","true","false","false","",""
"avantage batterie lithium ion","https://www.infoweb-manutention.fr/chariot-elevateur/principales-caracteristiques-et-avantages-de-la-technologie-des-batteries-lithium-ion/","","95","","","","","","","8","OLDER_THAN_2_MONTHS","true","false","false","false","false","false","",""
"Quel est le matériel de stockage ?","https://www.infoweb-manutention.fr/stockage/rack-de-stockage-solutions-materiels-industriels/","","48","","","","","","","26","OLDER_THAN_2_MONTHS","","","","","","","",""
"Quel CACES obligatoire ?","https://www.infoweb-manutention.fr/chariot-elevateur/est-il-obligatoire-davoir-un-caces/","","46","","","","","","","33","OLDER_THAN_2_MONTHS","","","","","","","",""