url,trafic,comp._mots-clés,mcs,mcs_concurrent,positions,comp._positions
"chariotelevateurneuf.fr","1348","","","506","784","95"
"srnmanutention.com","377","","","144","155","25"
"meenyon.com","14","","","130","153","20"
"teuforklift.com","49","","","131","149","18"
"chariot-elevateur-olteckco.fr","1","","","64","77","12"
"chariot-elevateur-neuf.com","21","","","122","134","15"
"dynaloc.eu","13","","","44","45","9"
"wecantechnology.com","2","","","52","59","7"
"fourches-chariot-elevateur.com","12","","","48","54","6"
"chariot-elevateur.net","2","","","38","44","5"
"chariotelevateur.eu","3","","","16","16","5"
"weliftrich.com","1","","","36","36","5"
"moovcn.com","2","","","44","49","7"
"dpformation.fr","39","","","48","64","7"
"haacon.com","66","","","21","53","9"