sous-domaine,url,top_3_mcs,trafic,mcs,positionnés,perdus,total_top_3,total_top_10,total_top_50,prem._vue_serp,der._vue_serp
"www.infoweb-manutention.fr","https://www.infoweb-manutention.fr/accessoire/les-remorques-pour-voitures-lesquelles-choisir/","","110","9","3","6","0","0","6","2025-08-26","2026-06-07"
"www.infoweb-manutention.fr","https://www.infoweb-manutention.fr/project/fenwick/","","30","16","0","16","0","0","8","2025-07-07","2025-08-14"
"www.infoweb-manutention.fr","https://www.infoweb-manutention.fr/outillage/parksidelidl-bricolage/","","30","59","3","56","0","0","35","2025-07-03","2026-03-06"
"www.infoweb-manutention.fr","https://www.infoweb-manutention.fr/entreprise/le-classement-marques-chariot-elevateur-avis-et-comparatifs/","","22","78","15","63","7","19","35","2025-07-02","2026-05-18"
"www.infoweb-manutention.fr","https://www.infoweb-manutention.fr/chariot-elevateur/classement-des-marques-chariot-elevateur/","","21","33","13","20","5","9","23","2025-07-02","2026-05-31"
"www.infoweb-manutention.fr","https://www.infoweb-manutention.fr/gerbeur/le-gerbeur-fenwick-tout-savoir-sur-cet-appareil/","","20","41","16","25","0","2","25","2025-07-01","2026-06-06"
"www.infoweb-manutention.fr","https://www.infoweb-manutention.fr/chariotelevateur-heli/","","15","36","6","30","0","0","12","2025-07-03","2026-02-24"
"www.infoweb-manutention.fr","https://www.infoweb-manutention.fr/manutention/chariot-elevateur-manuel/","","14","30","13","17","0","4","19","2025-07-02","2026-04-28"
"www.infoweb-manutention.fr","https://www.infoweb-manutention.fr/chariot-elevateur/fenwick-chariot-elevateur-prix-ce-quil-faut-savoir","","12","35","0","35","0","0","22","2025-07-02","2025-11-14"
"www.infoweb-manutention.fr","https://www.infoweb-manutention.fr/chariot-elevateur/norme-passage-chariot-elevateur-tout-savoir/","","10","39","9","30","1","4","25","2025-07-01","2026-05-29"
"www.infoweb-manutention.fr","https://www.infoweb-manutention.fr/chariot-elevateur/cest-quoi-le-caces-1/","","8","1","0","1","0","0","1","2025-08-28","2026-04-07"
"www.infoweb-manutention.fr","https://www.infoweb-manutention.fr/chariot-elevateur/choix-de-lhuile-hydraulique-pour-chariot-elevateur","","6","8","1","7","2","2","5","2025-07-02","2025-10-25"
"www.infoweb-manutention.fr","https://www.infoweb-manutention.fr/produit/treuil-manuel-3-2-t-treuil-de-main-corde-20-m/","","3","6","1","5","0","1","4","2025-07-07","2026-04-12"
"www.infoweb-manutention.fr","https://www.infoweb-manutention.fr/chariot-porte-palan/","","3","9","6","3","0","0","8","2025-07-25","2026-06-08"
"www.infoweb-manutention.fr","https://www.infoweb-manutention.fr/table-elevatrice/itm-logistique-alimentaire-international/","","3","17","7","10","0","0","11","2025-07-03","2026-04-22"
"www.infoweb-manutention.fr","https://www.infoweb-manutention.fr/levage/levage-ponts-roulants-potences/","","3","24","1","23","0","0","12","2025-07-01","2026-03-16"
"www.infoweb-manutention.fr","https://www.infoweb-manutention.fr/rayonnage/roll-picking-preparation-facilitee/","","2","9","1","8","0","3","8","2025-08-16","2026-06-16"
"www.infoweb-manutention.fr","https://www.infoweb-manutention.fr/manutention/chariot-diable/","","2","43","15","28","0","0","22","2025-07-05","2026-03-17"
"www.infoweb-manutention.fr","https://www.infoweb-manutention.fr/chariot-elevateur/fenwick-chariot-elevateur-prix-ce-quil-faut-savoir/","","2","18","4","14","0","0","8","2025-11-29","2026-04-19"
"www.infoweb-manutention.fr","https://www.infoweb-manutention.fr/chariot-elevateur/tout-savoir-sur-lassurance-des-chariots-elevateurs/","","2","13","0","13","0","3","7","2025-07-02","2026-05-17"
"www.infoweb-manutention.fr","https://www.infoweb-manutention.fr/btp/8-conseils-choisir-bacs-de-retention/","","1","1","0","1","1","1","1","2025-12-22","2025-12-22"
"www.infoweb-manutention.fr","https://www.infoweb-manutention.fr/produit/aimant-de-levage-magnetique-1000-kg/","","1","10","3","7","0","0","6","2025-07-07","2026-01-25"
"www.infoweb-manutention.fr","https://www.infoweb-manutention.fr/categorie/chariot-elevateur-gaz/","","1","19","5","14","0","0","14","2025-07-02","2026-06-23"
"www.infoweb-manutention.fr","https://www.infoweb-manutention.fr/levage-nacelles-tables-elevatrices/tables-elevatrices-moto/","","1","33","0","33","0","2","26","2025-07-07","2025-09-25"
"www.infoweb-manutention.fr","https://www.infoweb-manutention.fr/treuil-palonnier/palan-a-chaine-guide-conseils-dachat/","","1","15","1","14","0","0","7","2025-08-11","2026-03-19"
"www.infoweb-manutention.fr","https://www.infoweb-manutention.fr/produit/treuil-a-cable-electrique-150kg-300kg-telecommande-sans-fill/","","1","14","4","10","0","0","12","2025-07-01","2026-01-03"
"www.infoweb-manutention.fr","https://www.infoweb-manutention.fr/produit/chariot-elevateur-a-gaz-2t/","","1","11","1","10","0","0","7","2025-07-07","2026-05-31"
"www.infoweb-manutention.fr","https://www.infoweb-manutention.fr/produit/aimant-de-levage-magnetique-400kg/","","1","8","1","7","0","2","7","2025-07-03","2026-02-05"
"www.infoweb-manutention.fr","https://www.infoweb-manutention.fr/categorie/palan-treuils/","","1","8","1","7","0","0","3","2025-07-02","2025-12-24"
"www.infoweb-manutention.fr","https://www.infoweb-manutention.fr/produit/elevateur-magnetique-a-aimant-en-acier-capacite-poids-1000-kg/","","1","10","0","10","0","2","5","2025-07-01","2026-01-05"
"www.infoweb-manutention.fr","https://www.infoweb-manutention.fr/btp/le-prix-de-la-renovation-de-locaux-et-entrepots-industriels/","","1","86","1","85","0","2","37","2025-07-02","2026-03-10"
"www.infoweb-manutention.fr","https://www.infoweb-manutention.fr/fabricants-chariots-elevateurs/","","1","22","10","12","0","0","13","2025-07-03","2026-06-13"
"www.infoweb-manutention.fr","https://www.infoweb-manutention.fr/chariot-elevateur/est-il-obligatoire-davoir-un-caces/","","1","20","3","17","0","0","8","2025-07-07","2026-05-11"
"www.infoweb-manutention.fr","https://www.infoweb-manutention.fr/manutention/transpalettes/","","1","30","4","26","0","0","7","2025-07-07","2026-03-09"
"www.infoweb-manutention.fr","https://www.infoweb-manutention.fr/stockage/roll-conteneur/","","1","19","5","14","0","0","8","2025-07-15","2026-07-01"
"www.infoweb-manutention.fr","https://www.infoweb-manutention.fr/chariot-elevateur/quel-prix-pour-un-prix-chariot-elevateur-neuf-noatre-avis/","","1","22","6","16","0","0","14","2025-07-02","2026-04-29"
"www.infoweb-manutention.fr","https://www.infoweb-manutention.fr/chariot-elevateur/choix-de-lhuile-hydraulique-pour-chariot-elevateur/","","1","5","4","1","0","0","4","2025-12-14","2026-04-14"
"www.infoweb-manutention.fr","https://www.infoweb-manutention.fr/caces-chariot-elevateur-guide-complet/","","1","17","5","12","0","0","3","2025-11-16","2026-04-12"
"www.infoweb-manutention.fr","https://www.infoweb-manutention.fr/nacelles-elevatrices/","","1","26","4","22","0","0","3","2025-07-02","2026-03-17"
"www.infoweb-manutention.fr","https://www.infoweb-manutention.fr/entreprise/itm-logistique-alimentaire-international/","","1","1","1","0","0","0","1","2026-05-16","2026-05-16"
"www.infoweb-manutention.fr","https://www.infoweb-manutention.fr/transpalette/prix-des-transpalettes-guide-des-tarifs-complet/","","1","20","5","15","0","0","8","2025-07-03","2026-01-28"
"www.infoweb-manutention.fr","https://www.infoweb-manutention.fr/chariot-elevateur/quel-est-le-meilleur-chariot-elevateur/","","1","24","1","23","0","0","5","2025-07-07","2026-03-11"
"www.infoweb-manutention.fr","https://www.infoweb-manutention.fr/categorie/chariot-elevateur-electrique/","","1","39","9","30","0","0","7","2025-07-04","2026-03-12"
"www.infoweb-manutention.fr","https://www.infoweb-manutention.fr/entreprise/assurance-decennale-et-dommage-ouvrage/","","1","29","0","29","0","0","9","2025-08-20","2026-03-09"
"www.infoweb-manutention.fr","https://www.infoweb-manutention.fr/transpalette/transpalette-ou-chariot-elevateur-lequel-choisir","","1","2","0","2","0","0","2","2025-07-07","2025-07-24"
"www.infoweb-manutention.fr","https://www.infoweb-manutention.fr/manutention/chariots-manuels-diables/les-diables-pour-votre-entrepot/","","1","5","5","0","0","0","3","2026-01-02","2026-05-09"
"www.infoweb-manutention.fr","https://www.infoweb-manutention.fr/produit/treuil-electrique-palan-220-v-avec-un-cable-de-15-m","","1","5","1","4","0","0","4","2025-07-07","2025-12-22"
"www.infoweb-manutention.fr","https://www.infoweb-manutention.fr/transpalette/securite-incendie-precautions-transpalettes-electriques/","","1","9","0","9","0","0","4","2025-07-01","2026-01-05"
"www.infoweb-manutention.fr","https://www.infoweb-manutention.fr/manutention/chariot-elevateur/","","1","46","10","36","0","0","11","2025-07-02","2026-03-19"
"www.infoweb-manutention.fr","https://www.infoweb-manutention.fr/pont-roulant/guide-sur-la-securite-des-ponts-roulants/","","1","10","3","7","0","0","4","2025-07-04","2026-03-20"
"www.infoweb-manutention.fr","https://www.infoweb-manutention.fr/transpalette/5-meilleures-marques-de-transpalettes-comparatif-detaille/","","1","7","4","3","0","0","1","2025-09-04","2026-02-17"
"www.infoweb-manutention.fr","https://www.infoweb-manutention.fr/produit/levage-magnetique-aimants-de-levage-200-kg","","1","6","0","6","0","0","3","2025-07-05","2025-08-21"
"www.infoweb-manutention.fr","https://www.infoweb-manutention.fr/table-elevatrice/pont-roulant-a-commande-electrique-la-solution-efficace-et-precise-pour-les-operations-de-levage-regulieres/","","1","7","3","4","0","0","2","2025-07-24","2026-01-02"
"www.infoweb-manutention.fr","https://www.infoweb-manutention.fr/produit/elevateur-magnetique-a-aimant-en-acier-capacite-poids-300-kg/","","1","9","1","8","1","1","6","2025-07-01","2026-02-06"
"www.infoweb-manutention.fr","https://www.infoweb-manutention.fr/chariot-elevateur/comment-descendre-dun-chariot-elevateur/","","1","12","3","9","1","1","7","2025-07-03","2025-12-31"
"www.infoweb-manutention.fr","https://www.infoweb-manutention.fr/produit/treuil-a-cable-electrique-400-800-kg-palan-electrique/","","1","10","6","4","0","0","4","2025-07-02","2026-01-28"
"www.infoweb-manutention.fr","https://www.infoweb-manutention.fr/","","1","5","1","4","0","0","2","2025-07-24","2026-05-05"
"www.infoweb-manutention.fr","https://www.infoweb-manutention.fr/produit/chariot-elevateur-diesel-4x4-2t","","1","6","0","6","0","0","4","2025-09-24","2025-09-25"
"www.infoweb-manutention.fr","https://www.infoweb-manutention.fr/produit/levage-magnetique-300-kg/","","1","4","1","3","0","0","4","2025-07-07","2026-01-25"
"www.infoweb-manutention.fr","https://www.infoweb-manutention.fr/produit/palan-electrique-500-1000-kg-treuil-palan-a-chaine-a-levier-1800-w/","","1","16","0","16","0","0","4","2025-07-01","2025-09-04"
"www.infoweb-manutention.fr","https://www.infoweb-manutention.fr/produit/elevateur-magnetique-a-aimant-en-acier-capacite-de-100-kg/","","1","2","0","2","0","0","2","2025-07-19","2025-09-16"
"www.infoweb-manutention.fr","https://www.infoweb-manutention.fr/produit/chariot-elevateur-a-gaz-5t/","","1","5","1","4","0","0","1","2026-01-03","2026-03-03"
"www.infoweb-manutention.fr","https://www.infoweb-manutention.fr/produit/chariot-elevateur-diesel-4x4-25t/","","1","2","0","2","0","0","2","2025-07-07","2025-07-25"
"www.infoweb-manutention.fr","https://www.infoweb-manutention.fr/table-elevatrice/comment-les-entrepots-logistiques-hubs-stimulent-la-croissance-economique-et-le-developpementhow-entrepot-logistique-hubs-drive-economic-growth-and-development/","","1","1","0","1","0","0","1","2025-07-13","2025-12-31"
"www.infoweb-manutention.fr","https://www.infoweb-manutention.fr/pont-roulant/6-avantages-du-pont-roulant-a-portique/","","1","3","0","3","0","0","2","2025-07-22","2025-10-01"
"www.infoweb-manutention.fr","https://www.infoweb-manutention.fr/produit/levage-magnetique-aimants-de-levage-100-kg/","","1","5","2","3","0","0","3","2025-07-05","2026-02-05"
"www.infoweb-manutention.fr","https://www.infoweb-manutention.fr/table-elevatrice/levage-ponts-roulants-potences/pont-roulant-a-commande-manuelle","","1","2","0","2","0","0","1","2025-08-05","2025-08-05"
"www.infoweb-manutention.fr","https://www.infoweb-manutention.fr/categorie/chariot-elevateur-diesel/","","1","11","0","11","0","0","3","2025-07-07","2026-01-05"
"www.infoweb-manutention.fr","https://www.infoweb-manutention.fr/produit/levage-magnetique-grue-600-kg/","","1","3","1","2","0","0","2","2025-07-07","2026-02-05"
"www.infoweb-manutention.fr","https://www.infoweb-manutention.fr/produit/treuil-electrique-pa1200-palan-220-v-telecommande-avec-un-cable-de-15-m/","","1","3","1","2","0","0","2","2025-07-09","2026-03-12"
"www.infoweb-manutention.fr","https://www.infoweb-manutention.fr/produit/palan-a-chaine-3-tonnes/","","1","6","1","5","0","0","3","2025-07-06","2026-01-04"
"www.infoweb-manutention.fr","https://www.infoweb-manutention.fr/transpalette/5-astuces-pour-trouver-un-transpalette-pas-cher","","1","3","0","3","0","0","3","2025-07-02","2025-10-16"
"www.infoweb-manutention.fr","https://www.infoweb-manutention.fr/chariot-elevateur/caces-chariot-elevateur-que-dois-je-savoir/","","1","10","6","4","0","0","2","2025-12-19","2026-01-24"
"www.infoweb-manutention.fr","https://www.infoweb-manutention.fr/acheter-ou-louer-une-nacelle-elevatrice/","","1","21","3","18","0","0","5","2025-07-07","2026-03-19"
"www.infoweb-manutention.fr","https://www.infoweb-manutention.fr/chariot-elevateur/guide-complet-un-chariot-elevateur-diesel/","","1","5","2","3","0","0","3","2025-07-07","2026-01-24"
"www.infoweb-manutention.fr","https://www.infoweb-manutention.fr/produit/chariot-elevateur-a-gaz-7t","","1","5","2","3","0","0","4","2025-07-07","2025-12-21"
"www.infoweb-manutention.fr","https://www.infoweb-manutention.fr/rayonnage/chariot-logistique-ptimiser-ses-flux-facilement/","","1","3","0","3","0","0","1","2025-07-27","2025-10-31"
"www.infoweb-manutention.fr","https://www.infoweb-manutention.fr/table-elevatrice/levage-ponts-roulants-potences/pont-roulant-a-commande-manuelle/","","1","3","3","0","0","0","2","2025-11-30","2025-12-23"
"www.infoweb-manutention.fr","https://www.infoweb-manutention.fr/stockage/","","1","19","0","19","0","0","6","2025-07-07","2025-12-31"
"www.infoweb-manutention.fr","https://www.infoweb-manutention.fr/table-elevatrice/","","1","21","2","19","0","2","7","2025-07-07","2026-01-25"
"www.infoweb-manutention.fr","https://www.infoweb-manutention.fr/produit/treuil-palan-electrique-treuil100-200kg","","1","17","7","10","0","0","5","2025-08-04","2026-02-05"
"www.infoweb-manutention.fr","https://www.infoweb-manutention.fr/produit/grue-de-levage-2t/","","1","1","0","1","0","0","1","2025-07-25","2025-09-04"
"www.infoweb-manutention.fr","https://www.infoweb-manutention.fr/pont-roulant/les-ponts-roulants-et-la-securite-au-travail-pratiques-et-innovations/","","1","2","0","2","0","0","1","2025-10-02","2026-01-12"
"www.infoweb-manutention.fr","https://www.infoweb-manutention.fr/categorie/gerbeur/","","1","1","0","1","0","0","0","2025-07-06","2026-03-22"
"www.infoweb-manutention.fr","https://www.infoweb-manutention.fr/chariot-elevateur/accessoires-pour-chariots-elevateurs","","1","3","0","3","0","0","1","2025-09-25","2025-09-25"
"www.infoweb-manutention.fr","https://www.infoweb-manutention.fr/produit/aimant-de-levage-magnetique-capacite-de-levage-de-1500-kg/","","1","6","1","5","0","0","3","2025-07-16","2026-02-06"
"www.infoweb-manutention.fr","https://www.infoweb-manutention.fr/categorie/aimant-de-levage/","","1","5","4","1","0","0","2","2025-07-02","2026-05-15"
"www.infoweb-manutention.fr","https://www.infoweb-manutention.fr/equipements-dentrepot/entrepot-abris-elements-dentrepot/","","1","5","0","5","0","0","1","2025-07-07","2025-08-21"
"www.infoweb-manutention.fr","https://www.infoweb-manutention.fr/produit/chariot-elevateur-electrique-2t/","","1","3","0","3","0","0","2","2025-07-07","2025-09-24"
"www.infoweb-manutention.fr","https://www.infoweb-manutention.fr/produit/chariot-elevateur-electrique-3t/","","1","6","0","6","0","0","5","2025-07-07","2025-09-25"
"www.infoweb-manutention.fr","https://www.infoweb-manutention.fr/produit/chariot-elevateur-a-gaz-15t","","1","1","0","1","0","0","1","2025-07-24","2025-07-24"
"www.infoweb-manutention.fr","https://www.infoweb-manutention.fr/securite/quelle-chaussure-de-securite-pour-cariste/","","1","4","2","2","0","1","3","2025-08-11","2026-01-05"
"www.infoweb-manutention.fr","https://www.infoweb-manutention.fr/pont-roulant/les-avantages-des-ponts-roulants-pour-un-levage-securise/","","1","3","2","1","0","0","1","2025-09-24","2025-12-19"
"www.infoweb-manutention.fr","https://www.infoweb-manutention.fr/stockage/rack-de-stockage-solutions-materiels-industriels/","","1","3","1","2","0","0","2","2025-07-19","2025-10-16"
"www.infoweb-manutention.fr","https://www.infoweb-manutention.fr/manutention/gerbeur/","","1","9","0","9","0","0","1","2025-07-07","2025-09-11"
"www.infoweb-manutention.fr","https://www.infoweb-manutention.fr/produit/chariot-elevateur-a-gaz-25t/","","1","4","1","3","0","0","1","2025-07-07","2026-05-06"
"www.infoweb-manutention.fr","https://www.infoweb-manutention.fr/levage-nacelles-tables-elevatrices/levage/elevateur-monte-charge/","","1","9","4","5","0","0","1","2025-07-02","2026-01-05"
"www.infoweb-manutention.fr","https://www.infoweb-manutention.fr/table-elevatrice/comparatif-tables-elevatrices/","","1","12","2","10","0","0","3","2025-07-02","2026-01-28"
"www.infoweb-manutention.fr","https://www.infoweb-manutention.fr/levage-palonniers-palans-treuils-accessoire/","","1","1","0","1","0","0","1","2025-09-25","2025-09-25"
"www.infoweb-manutention.fr","https://www.infoweb-manutention.fr/produit/palan-a-chaine-05-tonne-de-6-m/","","1","3","0","3","0","0","0","2025-08-21","2025-09-25"
"www.infoweb-manutention.fr","https://www.infoweb-manutention.fr/chariot-elevateur/guide-complet-du-chariot-elevateu/","","1","3","0","3","0","0","2","2025-07-03","2025-08-04"
"www.infoweb-manutention.fr","https://www.infoweb-manutention.fr/transpalette/transpalette-sur-mesure-quand-faut-il-en-envisager-un/","","1","5","0","5","0","0","1","2025-07-10","2026-01-05"
"www.infoweb-manutention.fr","https://www.infoweb-manutention.fr/chariot-elevateur/principales-caracteristiques-et-avantages-de-la-technologie-des-batteries-lithium-ion/","","1","5","1","4","0","0","1","2025-07-07","2026-01-05"
"www.infoweb-manutention.fr","https://www.infoweb-manutention.fr/rayonnage/roll-transport-solution-pratique/","","1","1","0","1","0","0","0","2026-01-04","2026-01-04"
"www.infoweb-manutention.fr","https://www.infoweb-manutention.fr/table-elevatrice/pont-roulant-a-double-poutre-la-solution-robuste-pour-les-charges-lourdes","","1","2","0","2","0","0","1","2025-08-04","2025-09-15"
"www.infoweb-manutention.fr","https://www.infoweb-manutention.fr/produit/mat-retractable-2-000-kg-a-2500-kg/","","1","6","1","5","0","0","0","2025-07-14","2025-12-25"
"www.infoweb-manutention.fr","https://www.infoweb-manutention.fr/rayonnage/roll-de-manutention-transport-simplifie/","","1","3","1","2","0","0","0","2025-08-26","2025-12-17"
"www.infoweb-manutention.fr","https://www.infoweb-manutention.fr/entreprise/brenntag-cest-qui-distribution-de-produits-chimiques/","","1","1","0","1","0","0","0","2025-12-14","2025-12-14"
"www.infoweb-manutention.fr","https://www.infoweb-manutention.fr/entreprise/5-raisons-societe-de-levage-et-manutention","","1","1","0","1","0","0","0","2025-07-07","2025-07-25"
"www.infoweb-manutention.fr","https://www.infoweb-manutention.fr/produit/aimant-de-levage-400-kg/","","1","3","1","2","0","0","1","2025-07-05","2026-02-06"
"www.infoweb-manutention.fr","https://www.infoweb-manutention.fr/produit/treuil-electrique-telecommande/","","1","1","0","1","0","0","0","2025-07-07","2025-07-07"
"www.infoweb-manutention.fr","https://www.infoweb-manutention.fr/accueil/vehicule-remorques/","","1","2","0","2","0","0","0","2025-10-02","2025-10-29"
"www.infoweb-manutention.fr","https://www.infoweb-manutention.fr/diable-chariot/chariot-logistique-grillage-ou-plein-quelles-differences/","","1","3","0","3","0","0","0","2025-07-27","2026-01-05"
"www.infoweb-manutention.fr","https://www.infoweb-manutention.fr/transpalette/comment-financer-lachat-dun-transpalette-professionnel","","1","1","0","1","0","0","1","2025-09-24","2025-09-24"
"www.infoweb-manutention.fr","https://www.infoweb-manutention.fr/chariot-elevateur/caisse-de-levage-chariot-fenwick-chariot-nissan-heister/","","1","6","3","3","0","0","0","2025-07-27","2026-01-28"
"www.infoweb-manutention.fr","https://www.infoweb-manutention.fr/transpalette/transpalette-doccasion-est-ce-une-bonne-idee/","","1","2","0","2","0","0","0","2025-07-02","2025-07-28"
"www.infoweb-manutention.fr","https://www.infoweb-manutention.fr/treuil-palonnier/levolution-des-ponts-roulants-industriels-innovations-technologiques-et-performance/","","1","3","1","2","0","0","0","2025-08-15","2026-01-28"
"www.infoweb-manutention.fr","https://www.infoweb-manutention.fr/chariot-elevateur/ou-acheter-des-chariots-a-mat-retractable-doccasion/","","1","3","0","3","0","0","0","2025-08-21","2025-08-23"
"www.infoweb-manutention.fr","https://www.infoweb-manutention.fr/produit/chariot-elevateur-electrique-25t/","","1","2","0","2","0","0","0","2025-07-07","2025-09-24"
"www.infoweb-manutention.fr","https://www.infoweb-manutention.fr/produit/treuil-palan-a-cable-electrique-900w-250-500kg/","","1","4","0","4","0","0","0","2025-07-02","2025-08-20"
"www.infoweb-manutention.fr","https://www.infoweb-manutention.fr/produit/palan-a-chaine-manuel-1-5t","","1","2","0","2","0","0","0","2025-07-07","2025-07-07"
"www.infoweb-manutention.fr","https://www.infoweb-manutention.fr/manutention/chariots-manuels-diables/les-diables-pour-votre-entrepot","","1","1","0","1","0","0","0","2025-07-11","2025-07-30"
"www.infoweb-manutention.fr","https://www.infoweb-manutention.fr/produit/porte-palan-05-tonne/","","1","1","0","1","0","0","0","2025-07-25","2025-09-25"
"www.infoweb-manutention.fr","https://www.infoweb-manutention.fr/produit/palan-chaine-3-m-2-crochets-de-2-tonnes","","1","1","0","1","0","0","0","2025-09-04","2025-09-04"
"www.infoweb-manutention.fr","https://www.infoweb-manutention.fr/produit/treuil-a-cable-electrique-250-500-kg/","","1","4","1","3","0","0","0","2025-10-16","2026-01-01"
"www.infoweb-manutention.fr","https://www.infoweb-manutention.fr/accessoire/crics/crics-et-chariots-elevateurs/","","1","2","2","0","0","0","1","2025-11-22","2026-01-16"
"www.infoweb-manutention.fr","https://www.infoweb-manutention.fr/produit/elevateur-magnetique-a-aimant-en-acier-capacite-poids-1500-kg/","","1","1","0","1","0","0","0","2025-07-19","2025-07-19"
"www.infoweb-manutention.fr","https://www.infoweb-manutention.fr/diable-chariot/meilleurs-diables-pliants-pour-vos-besoins/","","1","5","2","3","0","0","0","2025-07-25","2026-05-03"
"www.infoweb-manutention.fr","https://www.infoweb-manutention.fr/produit/chariot-elevateur-a-gaz-35t/","","1","1","0","1","0","0","0","2025-07-02","2025-07-02"
"www.infoweb-manutention.fr","https://www.infoweb-manutention.fr/chariot-elevateur/quest-ce-quun-preparateur-de-commandes/","","1","2","0","2","0","0","0","2025-07-07","2025-07-25"
"www.infoweb-manutention.fr","https://www.infoweb-manutention.fr/produit/treuil-a-cable-electrique-125-250kg-600w/","","1","1","0","1","0","0","0","2025-07-02","2025-07-02"
"www.infoweb-manutention.fr","https://www.infoweb-manutention.fr/produit/griffe-poutrelle-pince-a-poutre-5tonnes","","1","1","0","1","0","0","0","2025-08-14","2025-08-14"
"www.infoweb-manutention.fr","https://www.infoweb-manutention.fr/table-elevatrice/pont-roulant-a-double-poutre-la-solution-robuste-pour-les-charges-lourdes/","","1","3","2","1","0","0","0","2025-12-21","2026-02-08"
"www.infoweb-manutention.fr","https://www.infoweb-manutention.fr/transpalette/5-astuces-pour-trouver-un-transpalette-pas-cher/","","1","2","1","1","0","0","1","2025-12-23","2025-12-24"
"www.infoweb-manutention.fr","https://www.infoweb-manutention.fr/transpalette/ou-acheter-un-transpalette-guide-des-4-meilleurs-fournisseurs/","","1","2","1","1","0","0","1","2026-01-02","2026-01-05"
"www.infoweb-manutention.fr","https://www.infoweb-manutention.fr/chariot-elevateur/pourquoi-acheter-un-chariot-elevateur","","1","1","0","1","0","0","1","2025-07-25","2025-07-25"
"www.infoweb-manutention.fr","https://www.infoweb-manutention.fr/accessoire/crics/crics-et-chariots-elevateurs","","1","1","0","1","0","1","1","2025-07-20","2025-07-20"
"www.infoweb-manutention.fr","https://www.infoweb-manutention.fr/chariot-elevateur/5-raisons-de-passer-de-lice-aux-chariots-elevateurs-electriques/","","1","1","0","1","0","0","1","2025-07-04","2025-07-25"
"www.infoweb-manutention.fr","https://www.infoweb-manutention.fr/chariot-elevateur/chariots-elevateurs-doccasion-les-meilleurs-conseils-pour-trouver-le-bon-modele-pour-votre-travail/","","1","1","0","1","0","0","1","2025-07-10","2025-07-29"
"www.infoweb-manutention.fr","https://www.infoweb-manutention.fr/rayonnage/conteneur-grillage-securite-en-mouvement/","","1","1","0","1","0","0","1","2025-08-04","2025-08-04"
"www.infoweb-manutention.fr","https://www.infoweb-manutention.fr/rayonnage/chariot-grillage-robustesse-et-flexibilite/","","1","1","0","1","0","0","1","2025-08-21","2025-08-21"
"www.infoweb-manutention.fr","https://www.infoweb-manutention.fr/nacelle/location-camion-nacelle-rentforce/","","1","1","1","0","0","0","1","2025-10-07","2025-10-07"
"www.infoweb-manutention.fr","https://www.infoweb-manutention.fr/blog/","","1","1","0","1","0","0","1","2025-10-07","2025-10-07"
"www.infoweb-manutention.fr","https://www.infoweb-manutention.fr/entreprise/maintenance-industrielle-a-angers-un-levier-pour-la-performance-des-entreprises/","","1","1","1","0","0","0","1","2025-10-07","2026-01-03"
"www.infoweb-manutention.fr","https://www.infoweb-manutention.fr/levage/potence-conforme-en-795-b-p/","","1","1","0","1","0","1","1","2026-01-05","2026-01-17"
"www.infoweb-manutention.fr","https://www.infoweb-manutention.fr/securite/atelier-au-chantier-equipements-pour-la-performance-et-la-securite/","","1","1","1","0","0","0","0","2026-01-05","2026-01-28"
"www.infoweb-manutention.fr","https://www.infoweb-manutention.fr/transpalette/comment-financer-lachat-dun-transpalette-professionnel/","","1","2","1","1","0","0","0","2026-01-05","2026-01-21"
"www.infoweb-manutention.fr","https://www.infoweb-manutention.fr/produit/chariot-elevateur-electrique-5t/","","1","1","1","0","0","0","1","2026-01-24","2026-01-24"
"www.infoweb-manutention.fr","https://www.infoweb-manutention.fr/rayonnage/les-5-avantages-du-rayonnage-industriel-pour-votre-entrepot/","","1","1","1","0","0","0","1","2026-04-22","2026-04-22"