ordre,url,trafic_actuel,volume_cumule,wayback,mots_cles_cibles
1,/gerbeur/le-gerbeur-fenwick-tout-savoir-sur-cet-appareil/,10,20262,oui,"fenwick caces (vol 590, pos 41) | gerbeurs fenwick (vol 480, pos 18) | un fenwick (vol 260, pos 10) | fenwick l14 (vol 170, pos 52)"
2,/chariot-elevateur/norme-passage-chariot-elevateur-tout-savoir/,2,1530,oui,"hauteur des fourches chariot élévateur en circulation (vol 140, pos 17) | dimension fourche chariot élévateur (vol 110, pos 67) | norme fourches de chariots élévateurs (vol 70, pos 37) | hauteur chariot élévateur (vol 50, pos 61)"
3,/entreprise/le-classement-marques-chariot-elevateur-avis-et-comparatifs/,1,6453,oui,"marque chariot élévateur (vol 140, pos 20) | marque de chariot élévateur (vol 90, pos 69) | classement marques chariot elevateur (vol 45, pos 11) | manitou mc5 (vol 30, pos 78)"
4,/manutention/chariot-diable/,1,5393,NON,"castorama diable 3 en 1 (vol 90, pos 22) | prix diable castorama (vol 70, pos 62) | chariot de déménagement charge lourde (vol 70, pos 62) | chariot de transport castorama (vol 70, pos 52)"
5,/chariot-elevateur/fenwick-chariot-elevateur-prix-ce-quil-faut-savoir/,1,4745,NON,"chariot elevateur fenwick (vol 536, pos 20) | chariot élévateur fenwick prix (vol 50, pos 66) | chariot elevateur fenwick electrique (vol 30, pos 80) | chariot élévateur fenwick prix neuf (vol 0, pos 27)"
6,/manutention/transpalettes/,1,4339,oui,"tire palette elevateur (vol 50, pos 91) | transpalette élévateur manuel (vol 50, pos 84) | tire palette gerbeur (vol 30, pos 87) | gerbeur transpalette électrique (vol 5, pos 72)"
7,/caces-chariot-elevateur-guide-complet/,1,4080,NON,"documents obligatoires chariot elevateur (vol 90, pos 27) | documents obligatoires chariot élévateur (vol 40, pos 20) | c'est quoi le caces 3 (vol 30, pos 92) | qu est ce que le caces 3 (vol 30, pos 52)"
8,/acheter-ou-louer-une-nacelle-elevatrice/,1,2633,NON,"cout location nacelle (vol 40, pos 68) | potencette (vol 0, pos 66) | location nacelle strasbourg prix (vol 0, pos 65)"
9,/manutention/chariot-elevateur-manuel/,1,2521,NON,"elevateur manuel (vol 536, pos 66) | chariot elevateur manuelle (vol 436, pos 53) | chariot elevateur manuel (vol 436, pos 30) | chariot de levage manuel (vol 70, pos 68)"
10,/treuil-palonnier/palan-a-chaine-guide-conseils-dachat/,1,2323,NON,"manutention palan (vol 50, pos 59)"
11,/chariotelevateur-heli/,1,2242,NON,"héli (vol 70, pos 42) | chariot elevateur heli (vol 50, pos 12) | heli chariot (vol 30, pos 7) | forum chariot elevateur (vol 20, pos 22)"
12,/chariot-elevateur/est-il-obligatoire-davoir-un-caces/,1,1922,NON,"caces obligation (vol 236, pos 68) | caces obligatoire ou pas (vol 70, pos 60) | caces gerbeur obligatoire (vol 30, pos 56) | conduire sans caces (vol 20, pos 68)"
13,/stockage/roll-conteneur/,1,1512,oui,"rolls isotherme (vol 70, pos 67) | rolls de transport (vol 64, pos 66) | roll-conteneur de sécurité (vol 10, pos 75) | roll-conteneur grillagé (vol 10, pos 42)"
14,/chariot-porte-palan/,1,1390,oui,"chariot porte-palan (vol 436, pos 67) | porte-palan (vol 127, pos 73) | chariot porte palan (vol 44, pos 75) | chariot porte charge (vol 40, pos 93)"
15,/manutention/chariot-elevateur/,1,767,oui,"location table élévatrice kiloutou (vol 90, pos 48) | location chariot elevateur loxam (vol 50, pos 39) | location chariot elevateur pas cher (vol 10, pos 81) | chariot elevateur electrique neuf (vol 10, pos 53)"
