url_cible_finale,slug_wordpress,categorie_a_affecter,traitement,trafic_actuel,volume_cumule,top_mot_cle
/gerbeur/le-gerbeur-fenwick-tout-savoir-sur-cet-appareil/,le-gerbeur-fenwick-tout-savoir-sur-cet-appareil,gerbeur,automatique,10,20262,fenwick
/chariot-elevateur/norme-passage-chariot-elevateur-tout-savoir/,norme-passage-chariot-elevateur-tout-savoir,chariot-elevateur,automatique,2,1530,hauteur des fourches chariot élévateur en circulation
/entreprise/le-classement-marques-chariot-elevateur-avis-et-comparatifs/,le-classement-marques-chariot-elevateur-avis-et-comparatifs,entreprise,automatique,1,6453,chariot élévateur
/manutention/chariot-diable/,chariot-diable,manutention,automatique,1,5393,chariots diables
/chariot-elevateur/fenwick-chariot-elevateur-prix-ce-quil-faut-savoir/,fenwick-chariot-elevateur-prix-ce-quil-faut-savoir,chariot-elevateur,automatique,1,4745,fenwick chariot
/manutention/transpalettes/,transpalettes,manutention,automatique,1,4339,transpalette elevateur
/caces-chariot-elevateur-guide-complet/,caces-chariot-elevateur-guide-complet,,MANUEL,1,4080,caces chariot élévateur
/acheter-ou-louer-une-nacelle-elevatrice/,acheter-ou-louer-une-nacelle-elevatrice,,MANUEL,1,2633,nacelle élévatrice
/manutention/chariot-elevateur-manuel/,chariot-elevateur-manuel,manutention,automatique,1,2521,elevateur manuel
/treuil-palonnier/palan-a-chaine-guide-conseils-dachat/,palan-a-chaine-guide-conseils-dachat,treuil-palonnier,automatique,1,2323,un palan
/chariotelevateur-heli/,chariotelevateur-heli,,MANUEL,1,2242,heli
/chariot-elevateur/est-il-obligatoire-davoir-un-caces/,est-il-obligatoire-davoir-un-caces,chariot-elevateur,automatique,1,1922,autorisation de conduite sans caces
/stockage/roll-conteneur/,roll-conteneur,stockage,automatique,1,1512,roll manutention
/chariot-porte-palan/,chariot-porte-palan,,MANUEL,1,1390,chariot porte-palan
/manutention/chariot-elevateur/,chariot-elevateur,manutention,automatique,1,767,location diable électrique kiloutou
/chariot-elevateur/quel-est-le-meilleur-chariot-elevateur/,quel-est-le-meilleur-chariot-elevateur,chariot-elevateur,automatique,1,750,chariot élévateur poids
/rayonnage/roll-picking-preparation-facilitee/,roll-picking-preparation-facilitee,rayonnage,automatique,1,610,chariot picking
/chariot-elevateur/choix-de-lhuile-hydraulique-pour-chariot-elevateur/,choix-de-lhuile-hydraulique-pour-chariot-elevateur,chariot-elevateur,automatique,1,590,huile transpalette
/chariot-elevateur/comment-descendre-dun-chariot-elevateur/,comment-descendre-dun-chariot-elevateur,chariot-elevateur,automatique,1,550,consigne de sécurité chariot élévateur
/pont-roulant/guide-sur-la-securite-des-ponts-roulants/,guide-sur-la-securite-des-ponts-roulants,pont-roulant,automatique,1,370,consignes de sécurité pont roulant
/rayonnage/roll-de-manutention-transport-simplifie/,roll-de-manutention-transport-simplifie,rayonnage,automatique,1,291,roll transport
/entreprise/itm-logistique-alimentaire-international/,itm-logistique-alimentaire-international,entreprise,automatique,1,260,itm logistique
/pont-roulant/les-avantages-des-ponts-roulants-pour-un-levage-securise/,les-avantages-des-ponts-roulants-pour-un-levage-securise,pont-roulant,automatique,1,126,chariot pont roulant
/transpalette/5-meilleures-marques-de-transpalettes-comparatif-detaille/,5-meilleures-marques-de-transpalettes-comparatif-detaille,transpalette,automatique,1,125,clark transpalette
/securite/quelle-chaussure-de-securite-pour-cariste/,quelle-chaussure-de-securite-pour-cariste,securite,automatique,1,60,chaussures cordiste
/chariot-elevateur/caisse-de-levage-chariot-fenwick-chariot-nissan-heister/,caisse-de-levage-chariot-fenwick-chariot-nissan-heister,chariot-elevateur,automatique,1,56,jalet manutention
/stockage/rack-de-stockage-solutions-materiels-industriels/,rack-de-stockage-solutions-materiels-industriels,stockage,automatique,1,30,mdr stockage
/transpalette/ou-acheter-un-transpalette-guide-des-4-meilleurs-fournisseurs/,ou-acheter-un-transpalette-guide-des-4-meilleurs-fournisseurs,transpalette,automatique,1,20,ou acheter un transpalette
/diable-chariot/meilleurs-diables-pliants-pour-vos-besoins/,meilleurs-diables-pliants-pour-vos-besoins,diable-chariot,automatique,1,15,meilleur diable monte escalier
/chariot-elevateur/principales-caracteristiques-et-avantages-de-la-technologie-des-batteries-lithium-ion/,principales-caracteristiques-et-avantages-de-la-technologie-des-batteries-lithium-ion,chariot-elevateur,automatique,1,10,local charge batterie chariot élévateur
/chariot-elevateur/guide-complet-un-chariot-elevateur-diesel/,guide-complet-un-chariot-elevateur-diesel,chariot-elevateur,automatique,1,10,chariot élévateur gaz ou diesel
/transpalette/comment-financer-lachat-dun-transpalette-professionnel/,comment-financer-lachat-dun-transpalette-professionnel,transpalette,automatique,1,10,financement chariot élévateur
/rayonnage/les-5-avantages-du-rayonnage-industriel-pour-votre-entrepot/,les-5-avantages-du-rayonnage-industriel-pour-votre-entrepot,rayonnage,automatique,1,10,les inconvénients du stockage dynamique
/table-elevatrice/comparatif-tables-elevatrices/,comparatif-tables-elevatrices,table-elevatrice,automatique,1,0,tables élévatrices électriques fixes
/entreprise/maintenance-industrielle-a-angers-un-levier-pour-la-performance-des-entreprises/,maintenance-industrielle-a-angers-un-levier-pour-la-performance-des-entreprises,entreprise,automatique,1,0,maintenance gerbeur angers
/nacelle/location-camion-nacelle-rentforce/,location-camion-nacelle-rentforce,nacelle,automatique,1,0,location camion nacelle rentforce.com
/securite/atelier-au-chantier-equipements-pour-la-performance-et-la-securite/,atelier-au-chantier-equipements-pour-la-performance-et-la-securite,securite,automatique,1,0,potencette
/entreprise/brenntag-cest-qui-distribution-de-produits-chimiques/,brenntag-cest-qui-distribution-de-produits-chimiques,entreprise,automatique,0,1900,brenntag
/transpalette/securite-incendie-precautions-transpalettes-electriques/,securite-incendie-precautions-transpalettes-electriques,transpalette,automatique,0,1004,transpal electrique
/entreprise/assurance-decennale-et-dommage-ouvrage/,assurance-decennale-et-dommage-ouvrage,entreprise,automatique,0,842,décennale et dommage ouvrage
/manutention/gerbeur/,gerbeur,manutention,automatique,0,548,un gerbeur
/rayonnage/roll-transport-solution-pratique/,roll-transport-solution-pratique,rayonnage,automatique,0,390,palan def
/chariot-elevateur/tout-savoir-sur-lassurance-des-chariots-elevateurs/,tout-savoir-sur-lassurance-des-chariots-elevateurs,chariot-elevateur,automatique,0,380,accident fenwick
/chariot-elevateur/accessoires-pour-chariots-elevateurs/,accessoires-pour-chariots-elevateurs,chariot-elevateur,automatique,0,290,accessoire pour chariot elevateur
/table-elevatrice/comment-les-entrepots-logistiques-hubs-stimulent-la-croissance-economique-et-le-developpementhow-entrepot-logistique-hubs-drive-economic-growth-and-development/,comment-les-entrepots-logistiques-hubs-stimulent-la-croissance-economique-et-le-developpementhow-entrepot-logistique-hubs-drive-economic-growth-and-development,table-elevatrice,automatique,0,260,hubs logistiques
/rayonnage/chariot-logistique-ptimiser-ses-flux-facilement/,chariot-logistique-ptimiser-ses-flux-facilement,rayonnage,automatique,0,221,chariots logistique
/pont-roulant/6-avantages-du-pont-roulant-a-portique/,6-avantages-du-pont-roulant-a-portique,pont-roulant,automatique,0,160,portique roulant
/pont-roulant/les-ponts-roulants-et-la-securite-au-travail-pratiques-et-innovations/,les-ponts-roulants-et-la-securite-au-travail-pratiques-et-innovations,pont-roulant,automatique,0,70,manutention pont roulant
/chariot-elevateur/ou-acheter-des-chariots-a-mat-retractable-doccasion/,ou-acheter-des-chariots-a-mat-retractable-doccasion,chariot-elevateur,automatique,0,60,mat chariot elevateur occasion
/entreprise/5-raisons-societe-de-levage-et-manutention/,5-raisons-societe-de-levage-et-manutention,entreprise,automatique,0,50,manutention professionnelle
/transpalette/transpalette-doccasion-est-ce-une-bonne-idee/,transpalette-doccasion-est-ce-une-bonne-idee,transpalette,automatique,0,20,transpalette elevateur occasion
/diable-chariot/chariot-logistique-grillage-ou-plein-quelles-differences/,chariot-logistique-grillage-ou-plein-quelles-differences,diable-chariot,automatique,0,19,chariot logistique
/chariot-elevateur/quest-ce-quun-preparateur-de-commandes/,quest-ce-quun-preparateur-de-commandes,chariot-elevateur,automatique,0,10,chariot élévateur préparateur de commande
/transpalette/transpalette-sur-mesure-quand-faut-il-en-envisager-un/,transpalette-sur-mesure-quand-faut-il-en-envisager-un,transpalette,automatique,0,10,transpalette electrique definition
/levage/potence-conforme-en-795-b-p/,potence-conforme-en-795-b-p,levage,automatique,0,0,potencettes
/rayonnage/chariot-grillage-robustesse-et-flexibilite/,chariot-grillage-robustesse-et-flexibilite,rayonnage,automatique,0,0,prix chariot grillagé
/rayonnage/conteneur-grillage-securite-en-mouvement/,conteneur-grillage-securite-en-mouvement,rayonnage,automatique,0,0,palonnier pour grillage
/chariot-elevateur/guide-complet-du-chariot-elevateu/,guide-complet-du-chariot-elevateu,chariot-elevateur,automatique,0,0,chariot élévateur entrepôt
/transpalette/transpalette-ou-chariot-elevateur-lequel-choisir/,transpalette-ou-chariot-elevateur-lequel-choisir,transpalette,automatique,0,0,
/chariot-elevateur/pourquoi-acheter-un-chariot-elevateur/,pourquoi-acheter-un-chariot-elevateur,chariot-elevateur,automatique,0,0,
/chariot-elevateur/5-raisons-de-passer-de-lice-aux-chariots-elevateurs-electriques/,5-raisons-de-passer-de-lice-aux-chariots-elevateurs-electriques,chariot-elevateur,automatique,0,0,
/chariot-elevateur/chariots-elevateurs-doccasion-les-meilleurs-conseils-pour-trouver-le-bon-modele-pour-votre-travail/,chariots-elevateurs-doccasion-les-meilleurs-conseils-pour-trouver-le-bon-modele-pour-votre-travail,chariot-elevateur,automatique,0,0,
