url,action,trafic_actuel,trafic_pic_historique,nb_mots_cles,volume_cumule,top_mot_cle,top_volume
/gerbeur/le-gerbeur-fenwick-tout-savoir-sur-cet-appareil/,RECREER (contenu),10,20,39,20262,fenwick,15600
/chariot-elevateur/norme-passage-chariot-elevateur-tout-savoir/,RECREER (contenu),2,10,28,1530,hauteur des fourches chariot élévateur en circulation,140
/outillage/parksidelidl-bricolage/,REDIRIGER_OU_410 (hors sujet),1,30,61,53783,parkside lidl,11000
/accessoire/les-remorques-pour-voitures-lesquelles-choisir/,REDIRIGER_OU_410 (hors sujet),1,110,9,36801,remorque voiture,23643
/nacelles-elevatrices/,RECREER (contenu),1,1,22,29012,nacelle,24636
/categorie/palan-treuils/,RECREER (contenu),1,1,4,13825,palan,13455
/levage/levage-ponts-roulants-potences/,RECREER (contenu),1,3,20,9339,ponts roulant,5500
/entreprise/le-classement-marques-chariot-elevateur-avis-et-comparatifs/,RECREER (contenu),1,22,49,6453,chariot élévateur,1600
/manutention/chariot-diable/,RECREER (contenu),1,2,45,5393,chariots diables,1600
/chariot-elevateur/fenwick-chariot-elevateur-prix-ce-quil-faut-savoir/,RECREER (contenu),1,2,27,4745,fenwick chariot,1300
/manutention/transpalettes/,RECREER (contenu),1,1,30,4339,transpalette elevateur,655
/categorie/chariot-elevateur-electrique/,RECREER (contenu),1,1,31,4278,chariot electrique,1727
/caces-chariot-elevateur-guide-complet/,RECREER (contenu),1,1,16,4080,caces chariot élévateur,1900
/table-elevatrice/itm-logistique-alimentaire-international/,RECREER (contenu),1,3,16,3160,itm,1700
/acheter-ou-louer-une-nacelle-elevatrice/,RECREER (contenu),1,1,18,2633,nacelle élévatrice,1800
/btp/le-prix-de-la-renovation-de-locaux-et-entrepots-industriels/,REDIRIGER_OU_410 (hors sujet),1,1,47,2567,prix m2 batiment industriel,390
/manutention/chariot-elevateur-manuel/,RECREER (contenu),1,14,27,2521,elevateur manuel,536
/treuil-palonnier/palan-a-chaine-guide-conseils-dachat/,RECREER (contenu),1,1,15,2323,un palan,733
/chariotelevateur-heli/,RECREER (contenu),1,15,15,2242,heli,1600
/produit/aimant-de-levage-magnetique-1000-kg/,RECREER (fiche/guide produit) ou 301 vers famille,1,1,8,2130,aimant magnétisme,1900
/chariot-elevateur/est-il-obligatoire-davoir-un-caces/,RECREER (contenu),1,1,18,1922,autorisation de conduite sans caces,500
/categorie/chariot-elevateur-gaz/,RECREER (contenu),1,1,15,1770,chariot élévateur à gaz,260
/stockage/roll-conteneur/,RECREER (contenu),1,1,20,1512,roll manutention,400
/chariot-porte-palan/,RECREER (contenu),1,3,11,1390,chariot porte-palan,436
/produit/mat-retractable-2-000-kg-a-2500-kg/,RECREER (fiche/guide produit) ou 301 vers famille,1,1,6,1090,chariot à mât rétractable,390
/produit/chariot-elevateur-a-gaz-5t/,RECREER (fiche/guide produit) ou 301 vers famille,1,1,5,870,chariot élévateur 5,260
/produit/treuil-a-cable-electrique-150kg-300kg-telecommande-sans-fill/,RECREER (fiche/guide produit) ou 301 vers famille,1,1,14,860,treuil à câble,170
/manutention/chariot-elevateur/,RECREER (contenu),1,1,29,767,location diable électrique kiloutou,210
/chariot-elevateur/quel-est-le-meilleur-chariot-elevateur/,RECREER (contenu),1,1,15,750,chariot élévateur poids,210
/fabricants-chariots-elevateurs/,RECREER (contenu),1,1,15,652,marque chariot élévateur,140
/rayonnage/roll-picking-preparation-facilitee/,RECREER (contenu),1,2,9,610,chariot picking,260
/chariot-elevateur/choix-de-lhuile-hydraulique-pour-chariot-elevateur/,RECREER (contenu),1,1,11,590,huile transpalette,170
/produit/treuil-manuel-3-2-t-treuil-de-main-corde-20-m/,RECREER (fiche/guide produit) ou 301 vers famille,1,3,6,580,treuil manuel 2 tonnes,320
/chariot-elevateur/quel-prix-pour-un-prix-chariot-elevateur-neuf-noatre-avis/,RECREER (contenu),1,1,10,570,chariot elevateur prix,400
/chariot-elevateur/caces-chariot-elevateur-que-dois-je-savoir/,RECREER (contenu),1,1,9,570,prise de poste caces 3,260
/transpalette/prix-des-transpalettes-guide-des-tarifs-complet/,RECREER (contenu),1,1,16,554,transpalette pas cher,155
/chariot-elevateur/comment-descendre-dun-chariot-elevateur/,RECREER (contenu),1,1,12,550,consigne de sécurité chariot élévateur,140
/produit/palan-a-chaine-3-tonnes/,RECREER (fiche/guide produit) ou 301 vers famille,1,1,6,480,palan 3 tonnes,260
/produit/treuil-palan-electrique-treuil100-200kg/,RECREER (fiche/guide produit) ou 301 vers famille,1,1,14,391,palan electrique 100 kg,64
/produit/treuil-electrique-palan-220-v-avec-un-cable-de-15-m/,RECREER (fiche/guide produit) ou 301 vers famille,1,1,4,389,palans électriques 220v,320
/,RECREER (home),1,1,5,384,appareil pour lever des charges lourdes,170
/chariot-elevateur/classement-des-marques-chariot-elevateur/,RECREER (contenu),1,21,22,380,marque de chariot elevateur,110
/pont-roulant/guide-sur-la-securite-des-ponts-roulants/,RECREER (contenu),1,1,12,370,consignes de sécurité pont roulant,70
/produit/treuil-a-cable-electrique-400-800-kg-palan-electrique/,RECREER (fiche/guide produit) ou 301 vers famille,1,1,10,366,treuil palan electrique,82
/categorie/aimant-de-levage/,RECREER (contenu),1,1,4,360,aimant de levage,320
/table-elevatrice/,RECREER (contenu),1,1,19,342,chariot table élévatrice,90
/produit/chariot-elevateur-a-gaz-2t/,RECREER (fiche/guide produit) ou 301 vers famille,1,1,5,328,chariot elevateur au gaz,260
/rayonnage/roll-de-manutention-transport-simplifie/,RECREER (contenu),1,1,2,291,roll transport,291
/entreprise/itm-logistique-alimentaire-international/,RECREER (contenu),1,1,1,260,itm logistique,260
/table-elevatrice/levage-ponts-roulants-potences/pont-roulant-a-commande-manuelle/,RECREER (contenu),1,1,4,250,télécommande pont roulant,90
/produit/treuil-electrique-pa1200-palan-220-v-telecommande-avec-un-cable-de-15-m/,RECREER (fiche/guide produit) ou 301 vers famille,1,1,3,210,palan électrique 220v,100
/levage-nacelles-tables-elevatrices/levage/elevateur-monte-charge/,RECREER (contenu),1,1,6,198,elevateur de charge,127
/produit/treuil-a-cable-electrique-250-500-kg/,RECREER (fiche/guide produit) ou 301 vers famille,1,1,4,141,treuil electrique 500 kg,85
/pont-roulant/les-avantages-des-ponts-roulants-pour-un-levage-securise/,RECREER (contenu),1,1,3,126,chariot pont roulant,70
/transpalette/5-meilleures-marques-de-transpalettes-comparatif-detaille/,RECREER (contenu),1,1,5,125,clark transpalette,90
/treuil-palonnier/levolution-des-ponts-roulants-industriels-innovations-technologiques-et-performance/,RECREER (contenu),1,1,3,105,evolution des ponts,100
/produit/aimant-de-levage-magnetique-capacite-de-levage-de-1500-kg/,RECREER (fiche/guide produit) ou 301 vers famille,1,1,3,104,aimant 500 kg,64
/manutention/chariots-manuels-diables/les-diables-pour-votre-entrepot/,RECREER (contenu),1,1,5,90,diable entrepot du bricolage,70
/produit/elevateur-magnetique-a-aimant-en-acier-capacite-poids-300-kg/,RECREER (fiche/guide produit) ou 301 vers famille,1,1,5,75,aimant 300 kg,45
/produit/aimant-de-levage-magnetique-400kg/,RECREER (fiche/guide produit) ou 301 vers famille,1,1,3,71,aimant 400 kg,36
/produit/chariot-elevateur-a-gaz-7t/,RECREER (fiche/guide produit) ou 301 vers famille,1,1,3,70,chariot élévateur 7 tonnes,30
/produit/levage-magnetique-aimants-de-levage-100-kg/,RECREER (fiche/guide produit) ou 301 vers famille,1,1,3,70,aimant 100 kg,50
/securite/quelle-chaussure-de-securite-pour-cariste/,RECREER (contenu),1,1,3,60,chaussures cordiste,40
/chariot-elevateur/caisse-de-levage-chariot-fenwick-chariot-nissan-heister/,RECREER (contenu),1,1,4,56,jalet manutention,50
/produit/levage-magnetique-grue-600-kg/,RECREER (fiche/guide produit) ou 301 vers famille,1,1,2,50,aimant 600 kg,40
/produit/levage-magnetique-300-kg/,RECREER (fiche/guide produit) ou 301 vers famille,1,1,2,45,aimant de levage 300 kg,40
/produit/aimant-de-levage-400-kg/,RECREER (fiche/guide produit) ou 301 vers famille,1,1,3,40,aimant double face 400kg,30
/table-elevatrice/pont-roulant-a-double-poutre-la-solution-robuste-pour-les-charges-lourdes/,RECREER (contenu),1,1,2,40,chariot poutre roulante,30
/table-elevatrice/pont-roulant-a-commande-electrique-la-solution-efficace-et-precise-pour-les-operations-de-levage-regulieres/,RECREER (contenu),1,1,4,30,pont roulant pas cher,10
/stockage/rack-de-stockage-solutions-materiels-industriels/,RECREER (contenu),1,1,3,30,mdr stockage,30
/produit/1t-chariot-a-engrenage-avec-chaine-factories-curve-geared-trolley/,RECREER (fiche/guide produit) ou 301 vers famille,1,0,1,30,porter des charges lourdes avec des sangles,30
/transpalette/5-astuces-pour-trouver-un-transpalette-pas-cher/,RECREER (contenu),1,1,3,20,transpalette prix pas cher,10
/transpalette/ou-acheter-un-transpalette-guide-des-4-meilleurs-fournisseurs/,RECREER (contenu),1,1,1,20,ou acheter un transpalette,20
/diable-chariot/meilleurs-diables-pliants-pour-vos-besoins/,RECREER (contenu),1,1,3,15,meilleur diable monte escalier,10
/chariot-elevateur/principales-caracteristiques-et-avantages-de-la-technologie-des-batteries-lithium-ion/,RECREER (contenu),1,1,5,10,local charge batterie chariot élévateur,10
/chariot-elevateur/guide-complet-un-chariot-elevateur-diesel/,RECREER (contenu),1,1,3,10,chariot élévateur gaz ou diesel,10
/transpalette/comment-financer-lachat-dun-transpalette-professionnel/,RECREER (contenu),1,1,2,10,financement chariot élévateur,10
/accessoire/crics/crics-et-chariots-elevateurs/,RECREER (contenu),1,1,2,10,cric captur,10
/produit/chariot-elevateur-a-gaz-25t/,RECREER (fiche/guide produit) ou 301 vers famille,1,1,2,10,kit gaz chariot élévateur,10
/rayonnage/les-5-avantages-du-rayonnage-industriel-pour-votre-entrepot/,RECREER (contenu),1,1,2,10,les inconvénients du stockage dynamique,10
/table-elevatrice/comparatif-tables-elevatrices/,RECREER (contenu),1,1,7,0,tables élévatrices électriques fixes,0
/produit/chariot-elevateur-electrique-5t/,RECREER (fiche/guide produit) ou 301 vers famille,1,1,1,0,chariot élévateur électrique 5t,0
/entreprise/maintenance-industrielle-a-angers-un-levier-pour-la-performance-des-entreprises/,RECREER (contenu),1,1,1,0,maintenance gerbeur angers,0
/nacelle/location-camion-nacelle-rentforce/,RECREER (contenu),1,1,1,0,location camion nacelle rentforce.com,0
/securite/atelier-au-chantier-equipements-pour-la-performance-et-la-securite/,RECREER (contenu),1,1,1,0,potencette,0
/chariot-elevateur/cest-quoi-le-caces-1/,RECREER (contenu),0,8,1,6200,caces 1,6200
/levage-nacelles-tables-elevatrices/tables-elevatrices-moto/,RECREER (contenu),0,1,28,3587,table elevatrice moto,2636
/entreprise/brenntag-cest-qui-distribution-de-produits-chimiques/,RECREER (contenu),0,1,1,1900,brenntag,1900
/transpalette/securite-incendie-precautions-transpalettes-electriques/,RECREER (contenu),0,1,7,1004,transpal electrique,864
/entreprise/assurance-decennale-et-dommage-ouvrage/,RECREER (contenu),0,1,29,842,décennale et dommage ouvrage,210
/categorie/gerbeur/,RECREER (contenu),0,1,1,800,gerbeur,800
/produit/palan-electrique-500-1000-kg-treuil-palan-a-chaine-a-levier-1800-w/,RECREER (fiche/guide produit) ou 301 vers famille,0,1,11,772,palan électrique a chaine,260
/produit/elevateur-magnetique-a-aimant-en-acier-capacite-poids-1000-kg/,RECREER (fiche/guide produit) ou 301 vers famille,0,1,8,552,acier magnétique,170
/manutention/gerbeur/,RECREER (contenu),0,1,7,548,un gerbeur,320
/rayonnage/roll-transport-solution-pratique/,RECREER (contenu),0,1,1,390,palan def,390
/chariot-elevateur/tout-savoir-sur-lassurance-des-chariots-elevateurs/,RECREER (contenu),0,2,13,380,accident fenwick,110
/categorie/chariot-elevateur-diesel/,RECREER (contenu),0,1,7,379,chariot elevateur thermique,110
/stockage/,RECREER (contenu),0,1,18,327,schema palettier,127
/produit/palan-chaine-3-m-2-crochets-de-2-tonnes/,RECREER (fiche/guide produit) ou 301 vers famille,0,1,1,291,palan electrique 2 tonnes,291
/chariot-elevateur/accessoires-pour-chariots-elevateurs/,RECREER (contenu),0,1,3,290,accessoire pour chariot elevateur,260
/table-elevatrice/comment-les-entrepots-logistiques-hubs-stimulent-la-croissance-economique-et-le-developpementhow-entrepot-logistique-hubs-drive-economic-growth-and-development/,RECREER (contenu),0,1,1,260,hubs logistiques,260
/rayonnage/chariot-logistique-ptimiser-ses-flux-facilement/,RECREER (contenu),0,1,3,221,chariots logistique,191
/project/fenwick/,REDIRIGER_OU_410 (hors sujet),0,30,5,210,ce fenwick,110
/pont-roulant/6-avantages-du-pont-roulant-a-portique/,RECREER (contenu),0,1,2,160,portique roulant,110
/accueil/vehicule-remorques/,REDIRIGER_OU_410 (hors sujet),0,1,2,150,petite remorque fermée pour voiture,110
/produit/chariot-elevateur-diesel-4x4-2t/,RECREER (fiche/guide produit) ou 301 vers famille,0,1,5,120,chariot elevateur 4x4,50
/equipements-dentrepot/entrepot-abris-elements-dentrepot/,RECREER (contenu),0,1,5,120,porte entrepot,100
/produit/palan-a-chaine-05-tonne-de-6-m/,RECREER (fiche/guide produit) ou 301 vers famille,0,1,3,100,palan a chaine 5 tonnes,50
/produit/grue-de-levage-2t/,RECREER (fiche/guide produit) ou 301 vers famille,0,1,1,70,poutre de levage,70
/pont-roulant/les-ponts-roulants-et-la-securite-au-travail-pratiques-et-innovations/,RECREER (contenu),0,1,2,70,manutention pont roulant,50
/produit/treuil-de-levage-chaine-3t/,RECREER (fiche/guide produit) ou 301 vers famille,0,0,1,70,treuil 3t,70
/chariot-elevateur/ou-acheter-des-chariots-a-mat-retractable-doccasion/,RECREER (contenu),0,1,3,60,mat chariot elevateur occasion,50
/entreprise/5-raisons-societe-de-levage-et-manutention/,RECREER (contenu),0,1,1,50,manutention professionnelle,50
/produit/chariot-de-transport-pliable-350-kg/,RECREER (fiche/guide produit) ou 301 vers famille,0,0,1,50,chariot manuel 3-en-1 350kg,50
/levage-palonniers-palans-treuils-accessoire/,RECREER (contenu),0,1,1,40,panier de levage pour palan,40
/produit/griffe-poutrelle-pince-a-poutre-5tonnes/,RECREER (fiche/guide produit) ou 301 vers famille,0,1,1,40,pince poutre,40
/produit/porte-palan-05-tonne/,RECREER (fiche/guide produit) ou 301 vers famille,0,1,1,30,poutre palan,30
/btp/8-conseils-choisir-bacs-de-retention/,REDIRIGER_OU_410 (hors sujet),0,1,1,20,bac de rétention légifrance,20
/produit/levage-magnetique-aimants-de-levage-200-kg/,RECREER (fiche/guide produit) ou 301 vers famille,0,1,1,20,aimant 150 kg,20
/transpalette/transpalette-doccasion-est-ce-une-bonne-idee/,RECREER (contenu),0,1,1,20,transpalette elevateur occasion,20
/diable-chariot/chariot-logistique-grillage-ou-plein-quelles-differences/,RECREER (contenu),0,1,1,19,chariot logistique,19
/produit/chariot-elevateur-electrique-3t/,RECREER (fiche/guide produit) ou 301 vers famille,0,1,4,10,chariot élévateur 3t,5
/chariot-elevateur/quest-ce-quun-preparateur-de-commandes/,RECREER (contenu),0,1,1,10,chariot élévateur préparateur de commande,10
/transpalette/transpalette-sur-mesure-quand-faut-il-en-envisager-un/,RECREER (contenu),0,1,1,10,transpalette electrique definition,10
/produit/chariot-elevateur-electrique-2t/,RECREER (fiche/guide produit) ou 301 vers famille,0,1,1,5,chariot élévateur 2 tonnes,5
/levage/potence-conforme-en-795-b-p/,RECREER (contenu),0,1,1,0,potencettes,0
/rayonnage/chariot-grillage-robustesse-et-flexibilite/,RECREER (contenu),0,1,1,0,prix chariot grillagé,0
/rayonnage/conteneur-grillage-securite-en-mouvement/,RECREER (contenu),0,1,1,0,palonnier pour grillage,0
/chariot-elevateur/guide-complet-du-chariot-elevateu/,RECREER (contenu),0,1,1,0,chariot élévateur entrepôt,0
/transpalette/transpalette-ou-chariot-elevateur-lequel-choisir/,RECREER (contenu),0,1,0,0,,0
/produit/elevateur-magnetique-a-aimant-en-acier-capacite-de-100-kg/,RECREER (fiche/guide produit) ou 301 vers famille,0,1,0,0,,0
/produit/chariot-elevateur-diesel-4x4-25t/,RECREER (fiche/guide produit) ou 301 vers famille,0,1,0,0,,0
/produit/chariot-elevateur-a-gaz-15t/,RECREER (fiche/guide produit) ou 301 vers famille,0,1,0,0,,0
/produit/treuil-electrique-telecommande/,RECREER (fiche/guide produit) ou 301 vers famille,0,1,0,0,,0
/produit/chariot-elevateur-electrique-25t/,RECREER (fiche/guide produit) ou 301 vers famille,0,1,0,0,,0
/produit/treuil-palan-a-cable-electrique-900w-250-500kg/,RECREER (fiche/guide produit) ou 301 vers famille,0,1,0,0,,0
/produit/palan-a-chaine-manuel-1-5t/,RECREER (fiche/guide produit) ou 301 vers famille,0,1,0,0,,0
/produit/elevateur-magnetique-a-aimant-en-acier-capacite-poids-1500-kg/,RECREER (fiche/guide produit) ou 301 vers famille,0,1,0,0,,0
/produit/chariot-elevateur-a-gaz-35t/,RECREER (fiche/guide produit) ou 301 vers famille,0,1,0,0,,0
/produit/treuil-a-cable-electrique-125-250kg-600w/,RECREER (fiche/guide produit) ou 301 vers famille,0,1,0,0,,0
/chariot-elevateur/pourquoi-acheter-un-chariot-elevateur/,RECREER (contenu),0,1,0,0,,0
/chariot-elevateur/5-raisons-de-passer-de-lice-aux-chariots-elevateurs-electriques/,RECREER (contenu),0,1,0,0,,0
/chariot-elevateur/chariots-elevateurs-doccasion-les-meilleurs-conseils-pour-trouver-le-bon-modele-pour-votre-travail/,RECREER (contenu),0,1,0,0,,0
/blog/,REDIRIGER_OU_410 (hors sujet),0,1,0,0,,0
